id;pos_x[m];pos_y[m];pos_z[m];or_x[rad];or_y[rad];or_z[rad];or_q_x;or_q_y;or_q_z;or_q_w
0;0.0;0.0;-0.0;0.0;0.0;1.5707956182169394;-0.0;0.0;0.7071065306663513;0.7071070671081543
1;-2.059990882873535;-6.0;-1.199220895767212;0.0;0.0;-0.7853980942716289;0.0;-0.0;-0.3826833963394165;0.9238795638084412
2;-2.2096142768859863;-6.0;-1.1960159540176392;0.0;0.0;-0.7853980942716289;0.0;-0.0;-0.3826833963394165;0.9238795638084412
3;-2.3285045623779297;-6.0;-1.2010167837142944;0.0;0.0;-0.7853980942716289;0.0;-0.0;-0.3826833963394165;0.9238795638084412
4;-2.4462127685546875;-6.0;-1.205836296081543;0.0;0.0;-0.7853980942716289;0.0;-0.0;-0.3826833963394165;0.9238795638084412
5;-2.562314987182617;-6.0;-1.2277624607086182;0.0;0.0;-0.7853980942716289;0.0;-0.0;-0.3826833963394165;0.9238795638084412
6;-2.6763930320739746;-6.0;-1.272606372833252;0.0;0.0;-0.7853980942716289;0.0;-0.0;-0.3826833963394165;0.9238795638084412
7;-2.7603769302368164;-6.0;-1.2953917980194092;0.0;0.0;-0.7853980942716289;0.0;-0.0;-0.3826833963394165;0.9238795638084412
8;-2.896845579147339;-6.0;-1.3709852695465088;0.0;0.0;-0.7853980942716289;0.0;-0.0;-0.3826833963394165;0.9238795638084412
9;-3.0024256706237793;-6.0;-1.4566318988800049;0.0;0.0;-0.7853980942716289;0.0;-0.0;-0.3826833963394165;0.9238795638084412
10;-3.104398727416992;-6.0;-1.5398396253585815;0.0;0.0;-0.7853980942716289;0.0;-0.0;-0.3826833963394165;0.9238795638084412
11;-3.202396869659424;-6.0;-1.6298013925552368;0.0;0.0;-0.7853980942716289;0.0;-0.0;-0.3826833963394165;0.9238795638084412
12;-3.296067714691162;-6.0;-1.68889319896698;0.0;0.0;-0.7853980942716289;0.0;-0.0;-0.3826833963394165;0.9238795638084412
13;-3.3632774353027344;-6.0;-1.7744619846343994;0.0;0.0;-0.7853980942716289;0.0;-0.0;-0.3826833963394165;0.9238795638084412
14;-3.469095468521118;-6.0;-1.8813806772232056;0.0;0.0;-0.7853980942716289;0.0;-0.0;-0.3826833963394165;0.9238795638084412
15;-3.5478298664093018;-6.0;-1.942840576171875;0.0;0.0;-0.7853980942716289;0.0;-0.0;-0.3826833963394165;0.9238795638084412
16;-3.6209938526153564;-6.0;-2.0102012157440186;0.0;0.0;-0.7853980942716289;0.0;-0.0;-0.3826833963394165;0.9238795638084412
17;-3.688323974609375;-6.0;-2.073984384536743;0.0;0.0;-0.7853980942716289;0.0;-0.0;-0.3826833963394165;0.9238795638084412
18;-3.734846353530884;-6.0;-2.1066832542419434;0.0;0.0;-0.7853980942716289;0.0;-0.0;-0.3826833963394165;0.9238795638084412
19;-3.804535150527954;-6.0;-2.161465644836426;0.0;0.0;-0.7853980942716289;0.0;-0.0;-0.3826833963394165;0.9238795638084412
20;-3.8529982566833496;-6.0;-2.2132508754730225;0.0;0.0;-0.7853980942716289;0.0;-0.0;-0.3826833963394165;0.9238795638084412
21;-3.894792079925537;-6.0;-2.279198169708252;0.0;0.0;-0.7853980942716289;0.0;-0.0;-0.3826833963394165;0.9238795638084412
22;-3.929767370223999;-6.0;-2.3425936698913574;0.0;0.0;-0.7853980942716289;0.0;-0.0;-0.3826833963394165;0.9238795638084412
23;-3.957796812057495;-6.0;-2.385247230529785;0.0;0.0;-0.7853980942716289;0.0;-0.0;-0.3826833963394165;0.9238795638084412
24;-3.9742000102996826;-6.0;-2.4355549812316895;0.0;0.0;-0.7853980942716289;0.0;-0.0;-0.3826833963394165;0.9238795638084412
25;-3.9926435947418213;-6.0;-2.4604880809783936;0.0;0.0;-0.7853980942716289;0.0;-0.0;-0.3826833963394165;0.9238795638084412
26;-3.9993345737457275;-6.0;-2.4715723991394043;0.0;0.0;-0.7853980942716289;0.0;-0.0;-0.3826833963394165;0.9238795638084412
27;-3.9988300800323486;-6.0;-2.482905387878418;0.0;0.0;-0.7853980942716289;0.0;-0.0;-0.3826833963394165;0.9238795638084412
28;-3.9911320209503174;-6.0;-2.508596181869507;0.0;0.0;-0.7853980942716289;0.0;-0.0;-0.3826833963394165;0.9238795638084412
29;-3.9762682914733887;-6.0;-2.5515217781066895;0.0;0.0;-0.7853980942716289;0.0;-0.0;-0.3826833963394165;0.9238795638084412
30;-3.954291820526123;-6.0;-2.571096420288086;0.0;0.0;-0.7853980942716289;0.0;-0.0;-0.3826833963394165;0.9238795638084412
31;-3.9331886768341064;-6.0;-2.6265501976013184;0.0;0.0;-0.7853980942716289;0.0;-0.0;-0.3826833963394165;0.9238795638084412
32;-3.889343738555908;-6.0;-2.5581088066101074;0.0;0.0;-0.7853980942716289;0.0;-0.0;-0.3826833963394165;0.9238795638084412
33;-3.846605062484741;-6.0;-2.6104512214660645;0.0;0.0;-0.7853980942716289;0.0;-0.0;-0.3826833963394165;0.9238795638084412
34;-3.7972211837768555;-6.0;-2.617732524871826;0.0;0.0;-0.7853980942716289;0.0;-0.0;-0.3826833963394165;0.9238795638084412
35;-3.7413692474365234;-6.0;-2.6219441890716553;0.0;0.0;-0.7853980942716289;0.0;-0.0;-0.3826833963394165;0.9238795638084412
36;-3.6792500019073486;-6.0;-2.6231067180633545;0.0;0.0;-0.7853980942716289;0.0;-0.0;-0.3826833963394165;0.9238795638084412
37;-3.6110875606536865;-6.0;-2.6437013149261475;0.0;0.0;-0.7853980942716289;0.0;-0.0;-0.3826833963394165;0.9238795638084412
38;-3.5371267795562744;-6.0;-2.616518259048462;0.0;0.0;-0.7853980942716289;0.0;-0.0;-0.3826833963394165;0.9238795638084412
39;-3.4576339721679688;-6.0;-2.5613696575164795;0.0;0.0;-0.7853980942716289;0.0;-0.0;-0.3826833963394165;0.9238795638084412
40;-3.3945555686950684;-6.0;-2.6226303577423096;0.0;0.0;-0.7853980942716289;0.0;-0.0;-0.3826833963394165;0.9238795638084412
41;-3.2832155227661133;-6.0;-2.580122232437134;0.0;0.0;-0.7853980942716289;0.0;-0.0;-0.3826833963394165;0.9238795638084412
42;-3.188917875289917;-6.0;-2.5622401237487793;0.0;0.0;-0.7853980942716289;0.0;-0.0;-0.3826833963394165;0.9238795638084412
43;-3.090341091156006;-6.0;-2.564399003982544;0.0;0.0;-0.7853980942716289;0.0;-0.0;-0.3826833963394165;0.9238795638084412
44;-3.0138137340545654;-6.0;-2.5223734378814697;0.0;0.0;-0.7853980942716289;0.0;-0.0;-0.3826833963394165;0.9238795638084412
45;-2.881784677505493;-6.0;-2.4903149604797363;0.0;0.0;-0.7853980942716289;0.0;-0.0;-0.3826833963394165;0.9238795638084412
46;-2.772555112838745;-6.0;-2.436937093734741;0.0;0.0;-0.7853980942716289;0.0;-0.0;-0.3826833963394165;0.9238795638084412
47;-2.660545825958252;-6.0;-2.4272656440734863;0.0;0.0;-0.7853980942716289;0.0;-0.0;-0.3826833963394165;0.9238795638084412
48;-2.546158790588379;-6.0;-2.4159157276153564;0.0;0.0;-0.7853980942716289;0.0;-0.0;-0.3826833963394165;0.9238795638084412
49;-2.4298062324523926;-6.0;-2.3899409770965576;0.0;0.0;-0.7853980942716289;0.0;-0.0;-0.3826833963394165;0.9238795638084412
50;-2.311906576156616;-6.0;-2.400862455368042;0.0;0.0;-0.7853980942716289;0.0;-0.0;-0.3826833963394165;0.9238795638084412
51;-2.222722291946411;-6.0;-2.3542520999908447;0.0;0.0;-0.7853980942716289;0.0;-0.0;-0.3826833963394165;0.9238795638084412
52;-2.073168992996216;-6.0;-2.4188852310180664;0.0;0.0;-0.7853980942716289;0.0;-0.0;-0.3826833963394165;0.9238795638084412
53;-1.953189492225647;-6.0;-2.3950116634368896;0.0;0.0;-0.7853980942716289;0.0;-0.0;-0.3826833963394165;0.9238795638084412
54;-1.86329185962677;-6.0;-2.431605577468872;0.0;0.0;-0.7853980942716289;0.0;-0.0;-0.3826833963394165;0.9238795638084412
55;-1.7141672372817993;-6.0;-2.457125425338745;0.0;0.0;-0.7853980942716289;0.0;-0.0;-0.3826833963394165;0.9238795638084412
56;-1.5959161520004272;-6.000068187713623;-2.4706828594207764;2.039979647665833e-09;-0.08937453689702719;-0.7853980935751023;-0.017095383256673813;-0.041271913796663284;-0.38230136036872864;0.9229572415351868
57;-1.5074187517166138;-6.000860691070557;-2.406259536743164;2.8187184867152854e-08;-0.14439452826445903;-0.7853981217242056;-0.027604684233665466;-0.06664364784955978;-0.3816864788532257;0.9214727878570557
58;-1.3600964546203613;-6.004305362701416;-2.465089797973633;1.8125519385202346e-08;-0.2784370969537592;-0.7853982247939657;-0.0531046986579895;-0.12820608913898468;-0.3789809048175812;0.9149407148361206
59;-1.2404186725616455;-6.011416435241699;-2.4695591926574707;1.2829075173877791e-08;-0.3539761263478633;-0.7853980180125566;-0.06737732887268066;-0.1626633107662201;-0.37670525908470154;0.9094471335411072
60;-1.1185756921768188;-6.023384094238281;-2.4690744876861572;3.5256739984188074e-09;-0.3579282461901225;-0.7853980458279898;-0.06812158972024918;-0.16446010768413544;-0.376571387052536;0.909123957157135
61;-1.0282000303268433;-6.033360004425049;-2.4663755893707275;1.677646929124577e-08;-0.2723315511561781;-0.7853980864406475;-0.051947496831417084;-0.12541238963603973;-0.3791411817073822;0.9153279066085815
62;-0.874439537525177;-6.05742073059082;-2.4321205615997314;6.903987974568258e-08;-0.18488026459020054;-0.7853987021591935;-0.035324934870004654;-0.08528196811676025;-0.381049782037735;0.9199349284172058
63;-0.7555609941482544;-6.076828956604004;-2.445401906967163;3.204347195919759e-08;-0.14065966896556736;-0.7853987104159994;-0.026891885325312614;-0.0649227425456047;-0.3817376494407654;0.9215954542160034
64;-0.6349161863327026;-6.102206230163574;-2.4049136638641357;3.7612034719348386e-08;-0.09918938759984347;-0.7853986185406808;-0.018971282988786697;-0.045800745487213135;-0.38221311569213867;0.9227434396743774
65;-0.5252025723457336;-6.121196746826172;-2.4610610008239746;2.361304934466016e-08;-0.07791555311216397;-0.7853980906373956;-0.014904712326824665;-0.035983193665742874;-0.3823930323123932;0.9231785535812378
66;-0.4165540933609009;-6.143993854522705;-2.418139934539795;2.2306087683827115e-08;-0.05873763173031868;-0.7853987008316068;-0.011237340047955513;-0.02712934836745262;-0.3825186491012573;0.9234810471534729
67;-0.30907800793647766;-6.170799255371094;-2.369565725326538;3.232146759673505e-08;-0.04246306557195989;-0.7853991937778051;-0.008124340325593948;-0.019613906741142273;-0.3825976550579071;0.9236711263656616
68;-0.20819522440433502;-6.196481704711914;-2.3426365852355957;1.9420888637541972e-08;-0.031238315022429783;-0.7853992160923878;-0.005976947955787182;-0.014429633505642414;-0.38263723254203796;0.9237666726112366
69;-0.13821028172969818;-6.213820457458496;-2.322996139526367;1.892657086800476e-08;-0.02559924216013098;-0.7853991860647191;-0.00489806616678834;-0.011824985966086388;-0.38265255093574524;0.9238036870956421
70;-0.019360732287168503;-6.252390384674072;-2.2527713775634766;8.213668026034987e-09;-0.016354916494495535;-0.785398702356328;-0.0031293409410864115;-0.007554902695119381;-0.38267087936401367;0.923848569393158
71;0.06621665507555008;-6.280721187591553;-2.1920559406280518;5.152089423422943e-09;-0.011810539564903839;-0.7853986390074091;-0.0022598349023610353;-0.005455726757645607;-0.38267698884010315;0.9238632917404175
72;0.13840308785438538;-6.302085876464844;-2.182940721511841;4.300247352226232e-09;-0.009287475931084121;-0.7853986354317264;-0.0017770741833373904;-0.004290239419788122;-0.3826795220375061;0.9238694906234741
73;0.19361504912376404;-6.323509216308594;-2.150283098220825;3.9360118341220945e-09;-0.00728058781746486;-0.7853986666775732;-0.001393076148815453;-0.003363186027854681;-0.38268113136291504;0.9238733053207397
74;0.2719869911670685;-6.354012489318848;-2.1344244480133057;3.640177405474955e-09;-0.005157589062038344;-0.7853986340689819;-0.0009868597844615579;-0.002382493345066905;-0.3826823830604553;0.9238763451576233
75;0.3295699656009674;-6.381053447723389;-2.1153955459594727;1.9583793612609856e-09;-0.0038039681169778753;-0.7853986877812112;-0.0007278568809852004;-0.001757203252054751;-0.3826829791069031;0.9238777756690979
76;0.3820391893386841;-6.409992694854736;-2.110090732574463;4.5916902576365e-11;-0.0027515885479302083;-0.7853986707188525;-0.0005264938226900995;-0.0012710676528513432;-0.38268330693244934;0.92387855052948
77;0.42746585607528687;-6.4389872550964355;-2.09468936920166;-1.731121762725629e-11;-0.001978754755592688;-0.785398709704811;-0.0003786184825003147;-0.0009140652255155146;-0.38268348574638367;0.9238790273666382
78;0.4639984667301178;-6.466243743896484;-2.1437363624572754;5.851923828834016e-11;-0.0014635323275034502;-0.7853987065462688;-0.0002800349029712379;-0.0006760636460967362;-0.38268357515335083;0.9238792061805725
79;0.4825960397720337;-6.482601165771484;-2.1625802516937256;5.3197135916842036e-11;-0.001224517673853393;-0.7853986964243522;-0.0002343014202779159;-0.0005656533176079392;-0.3826836049556732;0.9238792657852173
80;0.5118733644485474;-6.517143249511719;-2.1992135047912598;8.856418665039692e-12;-0.0008318423819816302;-0.7853986893923262;-0.00015916622942313552;-0.0003842610167339444;-0.3826836347579956;0.9238793849945068
81;0.5268574357032776;-6.544416904449463;-2.2244763374328613;4.738491738527816e-12;-0.0006124972694237132;-0.7853986333878733;-0.0001171963449451141;-0.00028293681680224836;-0.3826836347579956;0.9238793849945068
82;0.5292693972587585;-6.566253662109375;-2.268167018890381;-9.204732661953916e-12;-0.0004814863181878048;-0.7853987115057754;-9.212847362505272e-05;-0.0002224176423624158;-0.382683664560318;0.9238794445991516
83;0.5318549871444702;-6.5953288078308105;-2.263058662414551;-3.5819821513386303e-12;-0.0003489255643930667;-0.7853986920461836;-6.676405610051006e-05;-0.0001611825719010085;-0.382683664560318;0.9238794445991516
84;0.5238657593727112;-6.620798110961914;-2.30366587638855;-7.636741761980156e-12;-0.0002621412303008225;-0.7853986826715289;-5.01585855090525e-05;-0.00012109344243071973;-0.382683664560318;0.9238794445991516
85;0.5144283771514893;-6.651668071746826;-2.2735438346862793;2.2071927998158485e-13;-0.00018537043743214917;-0.7853986765982176;-3.546911830198951e-05;-8.562996663386002e-05;-0.382683664560318;0.9238794445991516
86;0.4998007118701935;-6.671679496765137;-2.3201255798339844;5.9470998656493305e-12;-0.00014805791985680728;-0.785398674398929;-2.832967038557399e-05;-6.839383422629908e-05;-0.382683664560318;0.9238794445991516
87;0.46479570865631104;-6.702593803405762;-2.39160418510437;-1.5243015267282016e-14;-0.00010490417030014432;-0.7848605835002067;-2.0059516828041524e-05;-4.846480078413151e-05;-0.3824350833892822;0.9239823818206787
88;0.43216437101364136;-6.7298502922058105;-2.4344983100891113;-1.0652656314831683e-06;-7.569789083688561e-05;-0.774584360133641;-1.4788069165661e-05;-3.484450280666351e-05;-0.37768253684043884;0.9259351491928101
89;0.40862882137298584;-6.7552385330200195;-2.4190125465393066;0.023035039904268816;-0.0007175213940626721;-0.7573039321809228;0.010568811558187008;-0.004590892232954502;-0.36963987350463867;0.929103672504425
90;0.3551734983921051;-6.788771629333496;-2.440990924835205;0.15009880141219212;-0.016449220834635073;-0.7196199913620361;0.06728754937648773;-0.03407511115074158;-0.3505162298679352;0.9335147142410278
91;0.3176332116127014;-6.805189609527588;-2.5190305709838867;0.24075348645310465;-0.02969693949075226;-0.6851382665745557;0.10814468562602997;-0.054217468947172165;-0.33176106214523315;0.9355745315551758
92;0.2522439658641815;-6.829862594604492;-2.5834527015686035;0.3006118611463327;-0.04632615284629084;-0.6338119260848022;0.13510975241661072;-0.06841042637825012;-0.30473649501800537;0.9403195977210999
93;0.20601074397563934;-6.850118637084961;-2.563857316970825;0.20150957944257916;-0.04162514669529278;-0.593043577315257;0.09012386202812195;-0.0491858571767807;-0.2886488139629364;0.9519140720367432
94;0.150311678647995;-6.864278316497803;-2.6144142150878906;0.14893119114926362;-0.0373257388427284;-0.5596289785013948;0.06635112315416336;-0.038429390639066696;-0.2740296423435211;0.9586597681045532
95;0.09740152955055237;-6.878518104553223;-2.6123201847076416;0.11045246336240613;-0.030509707771214645;-0.5316539711829864;0.04925186559557915;-0.02919529750943184;-0.26146382093429565;0.9635136723518372
96;0.04756580665707588;-6.885784149169922;-2.650148630142212;0.09122283493179698;-0.02706837347983925;-0.5158728995938016;0.040634509176015854;-0.024702172726392746;-0.2542005181312561;0.9659817218780518
97;-0.030565723776817322;-6.8992486000061035;-2.670248031616211;0.06291889552359575;-0.020530817391577146;-0.4919048724922059;0.02800791896879673;-0.01760946400463581;-0.2430337369441986;0.9694535136222839
98;-0.07581248134374619;-6.907562255859375;-2.681084156036377;0.04953220526931501;-0.01682591249969034;-0.47868281873200186;0.022063052281737328;-0.014040851034224033;-0.2367793768644333;0.9712114334106445
99;-0.15708480775356293;-6.919939994812012;-2.6940879821777344;0.033611000016334255;-0.012104630527139497;-0.4614018768275702;0.014975473284721375;-0.009733593091368675;-0.22852446138858795;0.9733743071556091
100;-0.23113219439983368;-6.928014278411865;-2.749933958053589;0.02582206762482701;-0.009640692355869769;-0.4503828111804105;0.011508297175168991;-0.007581058889627457;-0.22321107983589172;0.9746726751327515
101;-0.297914981842041;-6.937585830688477;-2.728883981704712;0.018669099641295928;-0.007167099903828234;-0.44118259508191043;0.008324097841978073;-0.0055389730259776115;-0.2187630534172058;0.9757267832756042
102;-0.3661249876022339;-6.946878910064697;-2.704740524291992;0.013486323067665083;-0.005294322107896429;-0.43353071830907824;0.006015970837324858;-0.004035399295389652;-0.21504874527454376;0.9765763878822327
103;-0.4333997964859009;-6.950904369354248;-2.7525343894958496;0.011731167559516803;-0.00465512241406248;-0.42958778568835837;0.005234644748270512;-0.003524248953908682;-0.2131284773349762;0.977003812789917
104;-0.5084867477416992;-6.964378356933594;-2.695662498474121;0.007238524221725347;-0.002929448875284502;-0.4215502376685124;0.0032327084336429834;-0.0021895109675824642;-0.20921115577220917;0.9778626561164856
105;-0.5819079875946045;-6.9726786613464355;-2.686473846435547;0.005344077644978956;-0.002185463618507058;-0.41719015633872003;0.0023878237698227167;-0.001622380455955863;-0.20708192884922028;0.9783192873001099
106;-0.6439356207847595;-6.977620601654053;-2.6794674396514893;0.004470037428506734;-0.001837492018598868;-0.41493177842021584;0.0019978447817265987;-0.0013594124466180801;-0.2059781849384308;0.9785535931587219
107;-0.7374475598335266;-6.987444877624512;-2.6620824337005615;0.0031135229284310964;-0.0012882945643458124;-0.41109321711116265;0.0013925182865932584;-0.0009483253234066069;-0.20410102605819702;0.9789483547210693
108;-0.7953857183456421;-6.992900848388672;-2.6968820095062256;0.0025438183555583664;-0.0010577440210409262;-0.4089668723491273;0.0011380163487046957;-0.0007761286105960608;-0.20306053757667542;0.9791651964187622
109;-0.8571088910102844;-7.00260591506958;-2.6261708736419678;0.0017733918525485246;-0.0007392167668244505;-0.4065640851341917;0.0007938197231851518;-0.0005410081939771771;-0.201884463429451;0.979408860206604
110;-0.948968231678009;-7.011773109436035;-2.6218461990356445;0.0012618585158284327;-0.0005272626065086963;-0.4043713364837655;0.0005651371320709586;-0.0003849585773423314;-0.2008107453584671;0.9796298146247864
111;-1.0095359086990356;-7.020885944366455;-2.5682120323181152;0.0008963008510680652;-0.00037443635986846057;-0.4027829473635326;0.00040164313395507634;-0.00027307914569973946;-0.2000327706336975;0.9797890782356262
112;-1.0737621784210205;-7.028921127319336;-2.5376906394958496;0.0006615536090043848;-0.0002770423655771098;-0.4015510713537032;0.0002965070307254791;-0.00020170518837403506;-0.19942928850650787;0.9799121618270874
113;-1.1319353580474854;-7.037477970123291;-2.5018277168273926;0.0004818805144724536;-0.00020074844098508604;-0.4004624191826877;0.00021616238518618047;-0.00014629082579631358;-0.1988958865404129;0.9800206422805786
114;-1.1992201805114746;-7.043887138366699;-2.4727203845977783;0.00038027910662630964;-0.00015819072502884257;-0.3997742350337478;0.00017064860730897635;-0.00011527434980962425;-0.19855867326259613;0.980089008808136
115;-1.2379425764083862;-7.050289630889893;-2.4417223930358887;0.0002981261927716926;-0.0001240968612137024;-0.3991793031731469;0.0001338017318630591;-9.03709587873891e-05;-0.1982671320438385;0.9801480174064636
116;-1.3067469596862793;-7.059363842010498;-2.416356086730957;0.0002125156072947145;-8.845327745201342e-05;-0.3984352775874368;9.540364408167079e-05;-6.438059790525585e-05;-0.19790250062942505;0.980221688747406
117;-1.3525158166885376;-7.067349910736084;-2.3795902729034424;0.00015710454716310205;-6.496906294506896e-05;-0.3979276827617686;7.058189657982439e-05;-4.7369820094900206e-05;-0.19765371084213257;0.9802719354629517
118;-1.378306269645691;-7.074263572692871;-2.358250141143799;0.00012137013023167515;-5.0067897924163124e-05;-0.39755640987390284;5.454659185488708e-05;-3.652457962743938e-05;-0.1974717378616333;0.9803085923194885
119;-1.4232845306396484;-7.084359169006348;-2.345388412475586;8.299077377520259e-05;-3.4689901801484724e-05;-0.39710894975144934;3.72587819583714e-05;-2.5189234293065965e-05;-0.19725240767002106;0.9803527593612671
120;-1.453889012336731;-7.092321395874023;-2.3498647212982178;6.121651903969475e-05;-2.503394588705299e-05;-0.3961475277080275;2.7546686396817677e-05;-1.829536267905496e-05;-0.19678112864494324;0.9804474115371704
121;-1.4726639986038208;-7.101325511932373;-2.3339972496032715;4.236281949152235e-05;-1.8119809180260737e-05;-0.3846208799918003;1.9059341866523027e-05;-1.294123285333626e-05;-0.1911272555589676;0.9815652370452881
122;-1.5010573863983154;-7.107685565948486;-2.3397014141082764;3.2934859844888e-05;-1.4901159389381929e-05;-0.3659331125835413;1.4836946320428979e-05;-1.0322422895114869e-05;-0.18194741010665894;0.9833082556724548
123;-1.5108579397201538;-7.116034507751465;-2.345177412033081;0.07288215821983322;-0.0003190046485412566;-0.32932347547627894;0.03591408580541611;-0.006129289977252483;-0.1638040840625763;0.985819935798645
124;-1.5137760639190674;-7.122838973999023;-2.347895383834839;0.1894427863318831;-0.012759209514815196;-0.27986664100390773;0.09276760369539261;-0.019480332732200623;-0.13825154304504395;0.9858505129814148
125;-1.5120903253555298;-7.1256937980651855;-2.348278522491455;0.2861739550684863;-0.020188323213957537;-0.21852013543785195;0.14065226912498474;-0.025479892268776894;-0.10649214684963226;0.9839852452278137
126;-1.508851408958435;-7.123766899108887;-2.3474626541137695;0.34371946540491344;-0.03398776045955274;-0.15661162836350093;0.16915661096572876;-0.030067279934883118;-0.07416513562202454;0.9823346734046936
127;-1.4938781261444092;-7.1156487464904785;-2.3943066596984863;0.35203178177123967;-0.055454365602379985;-0.07064834726935194;0.17396794259548187;-0.03346014767885208;-0.029906176030635834;0.9837281703948975
128;-1.467551350593567;-7.102268695831299;-2.3398940563201904;0.24048380725340227;-0.06399201773668343;0.002642039328434119;0.11993282288312912;-0.031601160764694214;0.005148148629814386;0.9922655820846558
129;-1.4293760061264038;-7.083003520965576;-2.3299455642700195;0.17013331519527203;-0.06178843366221105;0.08270743308159917;0.08612335473299026;-0.027240389958024025;0.04379501938819885;0.9949486255645752
130;-1.3830541372299194;-7.059917449951172;-2.3400607109069824;0.12046169089104004;-0.054397698236373186;0.15237445207341;0.06206381320953369;-0.022487517446279526;0.07757969200611115;0.9947983622550964
131;-1.3578330278396606;-7.047224998474121;-2.355443000793457;0.10105810983480853;-0.049957033647900766;0.18371258274700183;0.05256698280572891;-0.020207412540912628;0.09283767640590668;0.994087278842926
132;-1.2747704982757568;-7.011380672454834;-2.2803537845611572;0.06287894053563013;-0.036297791938226624;0.24234880685067828;0.033391255885362625;-0.014206834137439728;0.12136473506689072;0.991944432258606
133;-1.2090435028076172;-6.9843034744262695;-2.3042125701904297;0.045335612615841486;-0.028832910956057983;0.28166066576900817;0.02446211501955986;-0.011088398285210133;0.14063814282417297;0.989696741104126
134;-1.1363357305526733;-6.957622051239014;-2.2320749759674072;0.033051581869712306;-0.02225911399701617;0.3067369816972355;0.01803003065288067;-0.008472850546240807;0.15291938185691833;0.9880378246307373
135;-1.0703169107437134;-6.933419227600098;-2.2073347568511963;0.024947607580661297;-0.01766836788831614;0.3280315431770436;0.0137479268014431;-0.006678225938230753;0.1633710265159607;0.9864463210105896
136;-0.9688621163368225;-6.901208877563477;-2.171560049057007;0.01746614386052873;-0.013024447114703169;0.35120802988913136;0.009736130014061928;-0.004886142443865538;0.17474853992462158;0.9845527410507202
137;-0.8708189129829407;-6.87047815322876;-2.1343696117401123;0.012526481370157369;-0.009676695941192628;0.3690302682767331;0.007044482044875622;-0.0036070114001631737;0.1834939569234848;0.9829890131950378
138;-0.8039978742599487;-6.852745056152344;-2.1341054439544678;0.010362998633354345;-0.00817906673835081;0.3785147821536449;0.005858263932168484;-0.0030416655354201794;0.18814630806446075;0.9821188449859619
139;-0.6655625700950623;-6.813479900360107;-2.102036237716675;0.006845017265685149;-0.005580901857752866;0.39505143193713105;0.00390354311093688;-0.0020645293407142162;0.19625119864940643;0.9805437922477722
140;-0.5515997409820557;-6.784714698791504;-2.014819860458374;0.005031327175084458;-0.004166245728201415;0.4033779411958795;0.0028819607105106115;-0.001536942203529179;0.20032840967178345;0.9797233939170837
141;-0.4163421392440796;-6.747973442077637;-1.9132146835327148;0.0033973492902000086;-0.0028607846551281374;0.41245108113394424;0.001955574844032526;-0.0010522491065785289;0.20476874709129333;0.9788079261779785
142;-0.3048623204231262;-6.725645542144775;-1.9263042211532593;0.002726448979963086;-0.002315878688644903;0.4182173781938754;0.001573901274241507;-0.000849724980071187;0.2075892984867096;0.97821444272995
143;-0.16522498428821564;-6.691993713378906;-1.893027663230896;0.0019260747998924449;-0.0016516442777401567;0.424553589721947;0.0011154096573591232;-0.0006043865578249097;0.21068675816059113;0.9775527119636536
144;-0.027874788269400597;-6.662855625152588;-1.8295376300811768;0.001415376234922939;-0.001223444929622412;0.4286630818716758;0.0008216050337068737;-0.0004472041327971965;0.21269464492797852;0.9771182537078857
145;0.11870028078556061;-6.630736351013184;-1.8458408117294312;0.0010191204483616934;-0.0008926390541563587;0.437763585666187;0.0005943155265413225;-0.0003250256704632193;0.217138409614563;0.976140558719635
146;0.22421075403690338;-6.610842704772949;-1.8458411693572998;0.0008212480336675134;-0.0007328986984501144;0.44621885636123293;0.0004815279971808195;-0.0002665106439962983;0.22126315534114838;0.9752140045166016
147;0.41096100211143494;-6.574374675750732;-1.9063516855239868;0.0005578212043378387;-0.0005214213177080066;0.4691773245992275;0.000331871589878574;-0.00018873899534810334;0.23244298994541168;0.9726099371910095
148;0.5230451822280884;-6.55446195602417;-1.91829252243042;0.00044882644220637117;-0.00043237211818336326;0.4833457718568933;0.00026963072014041245;-0.00015619526675436646;0.23932725191116333;0.9709389805793762
149;0.6970154643058777;-6.517261981964111;-1.8997056484222412;0.0002970983238909074;-0.0003035068550821309;0.5109898180071233;0.0001820787729229778;-0.00010928527626674622;0.252724289894104;0.9675383567810059
150;0.8411182761192322;-6.496386528015137;-2.004948854446411;0.00023564068155022095;-0.00025343893950607595;0.5347815866122687;0.00014711471158079803;-9.108630911214277e-05;0.2642158567905426;0.9644635915756226
151;1.0571486949920654;-6.454889297485352;-2.041635036468506;0.00014421534697620675;-0.00017154218870768186;0.5785252659926926;9.357774251839146e-05;-6.163929356262088e-05;0.2852455675601959;0.9584544897079468
152;1.1790779829025269;-6.4349822998046875;-2.073528289794922;0.00011208312213567046;-0.00014281273392577364;0.6074045665333323;7.483130320906639e-05;-5.137900006957352e-05;0.2990550994873047;0.954235851764679
153;1.401337742805481;-6.3935112953186035;-2.112576961517334;0.006438387080812386;-0.00011610972843455167;0.681740850326552;0.003053376916795969;0.0010214844951406121;0.334306001663208;0.9424591064453125
154;1.5670008659362793;-6.367181301116943;-2.1782970428466797;0.09510581338810503;-0.0014157326059817178;0.7463572668838969;0.04452107474207878;0.016671763733029366;0.364196240901947;0.9301080703735352
155;1.747543454170227;-6.3319854736328125;-2.198310375213623;0.20642100376026565;-0.02594339379169653;0.8295119661197916;0.0994834154844284;0.029704710468649864;0.40201160311698914;0.9097293019294739
156;1.9159024953842163;-6.300167083740234;-2.2336692810058594;0.2890678713354637;-0.048737879340620335;0.9112966441435941;0.13990874588489532;0.041708942502737045;0.4384784996509552;0.8868046402931213
157;2.091247320175171;-6.257637977600098;-2.245372772216797;0.29609508337644924;-0.07080864057934554;1.0069359197041994;0.14601385593414307;0.04045715928077698;0.4814627468585968;0.8632709383964539
158;2.259351968765259;-6.212611675262451;-2.3040738105773926;0.200161003722555;-0.07402729864089111;1.100592228401232;0.10435957461595535;0.020828671753406525;0.5231180191040039;0.8455902338027954
159;2.418675661087036;-6.170975685119629;-2.3285703659057617;0.1459132010833258;-0.06685853059151094;1.1664862640389357;0.07916571944952011;0.01229824498295784;0.550995409488678;0.8306536674499512
160;2.570359230041504;-6.133517742156982;-2.3733274936676025;0.1132333934221885;-0.059121601889487535;1.2181081659031439;0.06327328085899353;0.008155424147844315;0.5722974538803101;0.8175607323646545
161;2.732877731323242;-6.0796942710876465;-2.369973659515381;0.07803869073306333;-0.04674422411266837;1.2714062037215152;0.045245762914419174;0.004364827647805214;0.5938630104064941;0.8032810688018799
162;2.8925511837005615;-6.024062156677246;-2.3885719776153564;0.05314031880867894;-0.03585041082511939;1.3173381380336904;0.031972963362932205;0.002088509500026703;0.6121271252632141;0.7901099920272827
163;3.0393261909484863;-5.980771541595459;-2.400035858154297;0.040155952658464375;-0.02898740892358852;1.3464346781937593;0.0247294083237648;0.0011877724900841713;0.6235409379005432;0.7813985347747803
164;3.1883058547973633;-5.929967403411865;-2.4354453086853027;0.029089555979677096;-0.022354600183385413;1.3763531346945692;0.018331505358219147;0.0006046053022146225;0.6351485252380371;0.772172212600708
165;3.3290977478027344;-5.885840892791748;-2.441577434539795;0.02206526442868971;-0.017732500936469605;1.3966968353528033;0.014149611815810204;0.00030284328386187553;0.6429641246795654;0.7657655477523804
166;3.473689079284668;-5.831188201904297;-2.4458792209625244;0.01566123369223023;-0.013174176373128399;1.4176647978373869;0.010231895372271538;9.694322943687439e-05;0.650952935218811;0.7590491771697998
167;3.614330768585205;-5.776570796966553;-2.422147512435913;0.011207971830420233;-0.0097477434148331;1.4339334222848321;0.007426789030432701;8.45850445330143e-06;0.6571036577224731;0.753763735294342
168;3.7437541484832764;-5.731780052185059;-2.4203293323516846;0.00858290038049516;-0.0076277251079392965;1.4458037001673618;0.005741161294281483;-2.0903535187244415e-05;0.6615648865699768;0.7498660087585449
169;3.8434126377105713;-5.690041542053223;-2.440631151199341;0.006644774975328942;-0.006034612721627413;1.4559280248379982;0.004487801808863878;-4.195584915578365e-05;0.6653518676757812;0.7465164661407471
170;3.993933916091919;-5.634714126586914;-2.4322407245635986;0.00478697614863949;-0.004434228030567392;1.466386982096609;0.0032622425351291895;-4.557392094284296e-05;0.6692463159561157;0.7430335283279419
171;4.116318702697754;-5.5793137550354;-2.420293092727661;0.003453169052377852;-0.00324106203091231;1.4749970700019084;0.0023676399141550064;-3.841845318675041e-05;0.6724387407302856;0.7401489019393921
172;4.209256172180176;-5.531111717224121;-2.3835365772247314;0.0025782490149955056;-0.0024511813092536134;1.480863232810431;0.001778392237611115;-3.50514892488718e-05;0.6746066808700562;0.7381752729415894
173;4.342552185058594;-5.4715447425842285;-2.410219192504883;0.0018290832786176405;-0.0017544029443387749;1.4879156146332477;0.001266959123313427;-2.6107183657586575e-05;0.6772053837776184;0.7357929944992065
174;4.445587635040283;-5.420145034790039;-2.343356132507324;0.0013517911685682353;-0.001301765179275746;1.4918957900590315;0.0009381412528455257;-1.9328435882925987e-05;0.6786683201789856;0.7344442009925842
175;4.547352313995361;-5.361490249633789;-2.2936172485351562;0.0009590937739832896;-0.0009267330390822892;1.4960010364406358;0.0006667019333690405;-1.3495475286617875e-05;0.6801744103431702;0.7330500483512878
176;4.636031627655029;-5.312309265136719;-2.3135972023010254;0.0007191284186002306;-0.0006998776083036524;1.4993731877442131;0.0005016174982301891;-1.1110620107501745e-05;0.6814094185829163;0.7319022417068481
177;4.696960926055908;-5.277627468109131;-2.293867349624634;0.0005895093371409871;-0.0005736350302744278;1.5011735537380007;0.0004111798480153084;-8.703660569153726e-06;0.6820679903030396;0.731288492679596
178;4.778558731079102;-5.222452163696289;-2.2404749393463135;0.021434323041536064;-0.0004171133936514581;1.5035088457926995;0.00797106884419918;0.007166497875005007;0.6828837990760803;0.7304484248161316
179;4.8670735359191895;-5.156416416168213;-2.208836078643799;0.16889120094431753;-0.013818492614335407;1.5082685116996284;0.06618838757276535;0.052728358656167984;0.6826266646385193;0.7258509993553162
180;4.928864479064941;-5.096636772155762;-2.1848697662353516;0.2842365963478867;-0.026992189083117762;1.5225220448954406;0.11174950748682022;0.08802764862775803;0.6842018365859985;0.7152839303016663
181;4.9745354652404785;-5.03939151763916;-2.1629459857940674;0.3592558463118443;-0.04092631661373046;1.5470940984353176;0.14186182618141174;0.11039844900369644;0.6899073123931885;0.7012242078781128
182;5.000863552093506;-4.995331764221191;-2.1697847843170166;0.4100567150216164;-0.05434011595046417;1.5754104440131393;0.1624285876750946;0.1254778504371643;0.6975377798080444;0.6865226626396179
183;5.0159912109375;-4.932664394378662;-2.123457908630371;0.4411207261570262;-0.07087097327746347;1.6214924578395196;0.17568936944007874;0.13465280830860138;0.7121391892433167;0.6662278771400452
184;5.016454219818115;-4.888279914855957;-2.058353900909424;0.37858046228286035;-0.07430003771035316;1.6581625278876755;0.15392135083675385;0.11399520188570023;0.7283627390861511;0.657876193523407
185;5.001739501953125;-4.833829879760742;-2.1082706451416016;0.2709421991232844;-0.07850945992796228;1.727413705588888;0.1172313317656517;0.07733818143606186;0.7561531066894531;0.6391463875770569
186;4.968954086303711;-4.768692493438721;-2.0599522590637207;0.18710574167407323;-0.07074952045173326;1.7972074418487247;0.0856868177652359;0.051121681928634644;0.7806065678596497;0.6170070171356201
187;4.928422451019287;-4.710013389587402;-2.058443546295166;0.13573798972931303;-0.0611594850076339;1.8547160573485078;0.06507252901792526;0.03592948615550995;0.7990666627883911;0.5966299176216125
188;4.888899803161621;-4.655726909637451;-2.0088038444519043;0.10004920235846831;-0.05048072043471353;1.89394509308277;0.04965858906507492;0.02584867738187313;0.8111143708229065;0.5822020769119263
189;4.821331977844238;-4.592953681945801;-1.975550651550293;0.07107372883992892;-0.039851427536217454;1.9339099853665571;0.036560509353876114;0.01793447881937027;0.8228794932365417;0.5667548775672913
190;4.7522077560424805;-4.52644157409668;-1.9137117862701416;0.049875169781756656;-0.030161857179989555;1.9666379000989995;0.026367083191871643;0.012396188452839851;0.8321965336799622;0.5537148118019104
191;4.675145626068115;-4.4597673416137695;-1.8485617637634277;0.03427089466988614;-0.02223312805651557;1.9934160560278922;0.018637588247656822;0.008350776508450508;0.839616060256958;0.54279625415802
192;4.600502967834473;-4.419081211090088;-1.8884098529815674;0.02802958546840052;-0.018892877801719228;2.011440283828308;0.01548113115131855;0.0067774406634271145;0.8444980382919312;0.5352917313575745
193;4.510367393493652;-4.3557939529418945;-1.847644567489624;0.020063292091883195;-0.01407480151980504;2.0301532839923717;0.01127009280025959;0.004809342324733734;0.849494457244873;0.5274552702903748
194;4.417677879333496;-4.300726413726807;-1.7984148263931274;0.01491780824788338;-0.010789989970901187;2.0430268434653267;0.008495256304740906;0.003545037005096674;0.8528839945793152;0.5220193266868591
195;4.314270496368408;-4.237273216247559;-1.7799798250198364;0.010762024423530414;-0.007983207420162633;2.0564607922164733;0.006196667440235615;0.002547197975218296;0.8563784956932068;0.516305148601532
196;4.206055641174316;-4.177341938018799;-1.7993937730789185;0.00786078634754704;-0.005963921160805683;2.067643104072748;0.004572791047394276;0.0018518316792324185;0.8592556715011597;0.5115225911140442
197;4.124121189117432;-4.137639045715332;-1.8028333187103271;0.006401938882615891;-0.004915594333353419;2.0736642414089013;0.0037447744980454445;0.0015044822357594967;0.8607932329177856;0.508938729763031
198;3.975321054458618;-4.058618068695068;-1.7994179725646973;0.004260243724778127;-0.003325223141407794;2.083359814693255;0.0025104722008109093;0.0009995956206694245;0.8632520437240601;0.5047658681869507
199;3.851506233215332;-3.998645305633545;-1.8572194576263428;0.0031317125575746315;-0.0024713272289701806;2.0899991751050884;0.001854659989476204;0.0007341643795371056;0.8649235367774963;0.5018994808197021
200;3.7220141887664795;-3.9351091384887695;-1.9027438163757324;0.002255606090356724;-0.0017982715446033942;2.095502165387853;0.001342283096164465;0.000527881202287972;0.8663015961647034;0.499519020318985
201;3.591874837875366;-3.8763628005981445;-1.8905820846557617;0.0016615591665115395;-0.0013338324775815905;2.0992627621680824;0.0009920133743435144;0.00038843354559503496;0.8672395348548889;0.49788999557495117
202;3.4579832553863525;-3.8204002380371094;-1.9547500610351562;0.001263046611273372;-0.0010136363725398584;2.1029092381455325;0.0007534226169809699;0.0002967161708511412;0.8681459426879883;0.49630826711654663
203;3.317659616470337;-3.7569236755371094;-1.9933093786239624;0.000914037854791326;-0.0007356405512964905;2.106135962233051;0.0005457978695631027;0.00021508762438315898;0.8689455986022949;0.4949072003364563
204;3.174520254135132;-3.693471670150757;-2.028118371963501;0.0006573142852051785;-0.0005316733158172112;2.1087929271311934;0.0003934475244022906;0.000154543507960625;0.8696023225784302;0.49375244975090027
205;3.032188892364502;-3.637573719024658;-2.0818746089935303;0.0004967424363903849;-0.00040221207321712967;2.1108538538838535;0.0002973958326037973;0.00011699408787535504;0.8701106905937195;0.4928562045097351
206;2.9243195056915283;-3.594397783279419;-2.075119972229004;0.04590652029863654;-0.00328147307258062;2.111956799348716;0.012728326953947544;0.019168686121702194;0.8701704740524292;0.4922132194042206
207;2.741386890411377;-3.526859760284424;-2.153726100921631;0.19451908155674058;-0.01930307545163842;2.1122174727055048;0.056160908192396164;0.07979332655668259;0.8667538166046143;0.48909783363342285
208;2.5833001136779785;-3.4589221477508545;-2.125398874282837;0.2885789888369649;-0.02722429989709699;2.111813120550612;0.08252472430467606;0.11850176006555557;0.8621866106987;0.4855729043483734
209;2.4243197441101074;-3.403618335723877;-2.1659367084503174;0.36927659685675746;-0.03357649094153828;2.1110284741861194;0.10481666028499603;0.15159794688224792;0.8567617535591125;0.4816543757915497
210;2.262619972229004;-3.354440212249756;-2.201338291168213;0.3288307540916912;-0.031107292216575665;2.1130496296647654;0.09386105835437775;0.1349397897720337;0.8600581884384155;0.4829919636249542
211;2.095672845840454;-3.3052022457122803;-2.1576547622680664;0.2464787887941208;-0.02309226229022623;2.11633789579525;0.07027358561754227;0.10149933397769928;0.8654878735542297;0.48547935485839844
212;1.920501470565796;-3.2538979053497314;-2.1612226963043213;0.1748153768028826;-0.0168705049663622;2.1186168305687505;0.05005544051527977;0.07200824469327927;0.8690176606178284;0.4869471490383148
213;1.7431905269622803;-3.2041549682617188;-2.1609177589416504;0.12554999750608012;-0.012406587692418982;2.12011667548855;0.0360659696161747;0.05170058459043503;0.8708391189575195;0.48750942945480347
214;1.5805187225341797;-3.16762113571167;-2.158266305923462;0.1003382236527267;-0.009836675500019595;2.1209377355917347;0.028781428933143616;0.04135851189494133;0.87159663438797;0.4876272678375244
215;1.4030238389968872;-3.119619607925415;-2.151535987854004;0.07328690788900975;-0.007177236801969173;2.121768740419457;0.021011559292674065;0.030224157497286797;0.8722601532936096;0.4876548945903778
216;1.2665183544158936;-3.081101894378662;-2.1434059143066406;0.05554178072865506;-0.005511639987222115;2.1222886062473956;0.015951553359627724;0.02289442904293537;0.8726117610931396;0.48761674761772156
217;1.0517889261245728;-3.02539324760437;-2.1272799968719482;0.03810767994970027;-0.0037795332484720436;2.1228694244537873;0.010940026491880417;0.015712710097432137;0.8729135394096375;0.48749929666519165
218;0.8958030343055725;-2.990489959716797;-2.114532232284546;0.0303362057090974;-0.00298750494417762;2.1231578922287357;0.008698152378201485;0.012515036389231682;0.8730359077453613;0.487417608499527
219;0.7265391945838928;-2.9441826343536377;-2.094421625137329;0.021941606637393404;-0.0021635284108105276;2.1234732316591667;0.0062911235727369785;0.009052370674908161;0.8731558322906494;0.4873163104057312
220;0.5682694315910339;-2.903470039367676;-2.097062349319458;0.016539785977006803;-0.0016325717658233565;2.1237097697847482;0.0047422898933291435;0.006823964416980743;0.8732339143753052;0.4872303903102875
221;0.40297162532806396;-2.8550360202789307;-2.0456466674804688;0.011771823524985096;-0.0011575223223974573;2.1239236721538735;0.0033727928530424833;0.004858268424868584;0.873299241065979;0.48714813590049744
222;0.24607333540916443;-2.809638500213623;-1.9988021850585938;0.008517772911158765;-0.0008362531125921988;2.124087742449014;0.0024396150838583708;0.0035158363170921803;0.8733457326889038;0.4870820939540863
223;0.10903101414442062;-2.775049924850464;-2.012176275253296;0.006761240794752562;-0.0006610154631574294;2.1242014345984015;0.0019351461669430137;0.002791593549773097;0.8733760118484497;0.48703455924987793
224;-0.03480089455842972;-2.732383966445923;-2.010770320892334;0.005001864141134391;-0.00048780458602659394;2.1243147274622283;0.0014309505932033062;0.0020655544940382242;0.8734056949615479;0.4869869649410248
225;-0.1740613877773285;-2.6894567012786865;-2.0486812591552734;0.003698262232608797;-0.00036013125930951746;2.1244123320218797;0.0010577018838375807;0.0015274069737643003;0.8734305500984192;0.4869452118873596
226;-0.3111575245857239;-2.644143581390381;-2.077399969100952;0.0026854670468655114;-0.0002599954740693201;2.1244952229430165;0.0007673370419070125;0.001109515898860991;0.8734513521194458;0.48690950870513916
227;-0.4381468892097473;-2.6017298698425293;-2.1181929111480713;0.0019892655187607024;-0.00019228453382582562;2.1245589494979558;0.0005682461196556687;0.000821969355456531;0.873467206954956;0.4868820011615753
228;-0.5589737296104431;-2.5593698024749756;-2.1722655296325684;0.0014739113517719653;-0.0001422166529311344;2.1246115488572856;0.00042090541683137417;0.0006090966053307056;0.8734801411628723;0.4868590533733368
229;-0.6776210069656372;-2.5142345428466797;-2.2443606853485107;0.0010696440427217279;-0.0001028776197913721;2.1246592619265083;0.0003053033142350614;0.00044212036300450563;0.8734918832778931;0.48683837056159973
230;-0.7854729294776917;-2.471958875656128;-2.3206114768981934;0.0007893951289213669;-7.83204941846353e-05;2.127891644631455;0.00022583342797588557;0.00032606589957140386;0.8742775917053223;0.4854259788990021
231;-0.8374782204627991;-2.4501304626464844;-2.3016488552093506;0.0006687785271853959;-7.09295123766465e-05;2.133001713963282;0.00019262371642980725;0.0002756266330834478;0.8755150437355042;0.4831906259059906
232;-0.977281391620636;-2.389954090118408;-2.4885151386260986;0.0004319815835228581;-6.926058514047066e-05;2.178349131737094;0.0001307415368501097;0.00017537939129397273;0.8862448334693909;0.46321702003479004
233;-1.0713552236557007;-2.3428399562835693;-2.5057966709136963;0.0003035562675338319;-6.663800335384924e-05;2.2269037497033137;9.69149696175009e-05;0.00012146704102633521;0.8972283005714417;0.4415671229362488
234;-1.1479506492614746;-2.3031392097473145;-2.592770576477051;0.02321470185822889;-0.0001379251277431707;2.2897473047286154;0.004858396481722593;0.010541597381234169;0.9105969071388245;0.4131326675415039
235;-1.210170030593872;-2.2672059535980225;-2.6155176162719727;0.12004217622464054;-0.0119085281998259;2.346511933274687;0.028702912852168083;0.0530051663517952;0.9204776883125305;0.3861183524131775
236;-1.2884057760238647;-2.2214393615722656;-2.678158760070801;0.2370881742207627;-0.035387034121262026;2.438060172340472;0.05723578482866287;0.10495396703481674;0.932752251625061;0.3401203751564026
237;-1.356666088104248;-2.1813931465148926;-2.732253074645996;0.3166714834491297;-0.06325327906239907;2.5342925660028155;0.07691935449838638;0.14104965329170227;0.9433344006538391;0.29035958647727966
238;-1.4100669622421265;-2.1522912979125977;-2.744594097137451;0.3542312253270951;-0.08361206301741314;2.613394660929706;0.08566628396511078;0.15919439494609833;0.9513183832168579;0.24962294101715088
239;-1.4703048467636108;-2.1193132400512695;-2.869431972503662;0.3370071018817378;-0.11647758525401226;2.747452208661392;0.08905177563428879;0.15294726192951202;0.9670276045799255;0.1831241101026535
240;-1.507550597190857;-2.1006104946136475;-2.8398497104644775;0.25312203619941104;-0.1144269518063327;2.8186583699928014;0.07624635100364685;0.11525826156139374;0.9786566495895386;0.15209577977657318
241;-1.5705081224441528;-2.071232795715332;-2.8777356147766113;0.15955025972475922;-0.10494399021147445;2.956796579251266;0.059400759637355804;0.0744175910949707;0.9915871024131775;0.08768482506275177
242;-1.6097208261489868;-2.051801919937134;-2.928605794906616;0.11289755984930619;-0.09117220486679971;3.0486057110862066;0.04806800186634064;0.05418470501899719;0.9964116811752319;0.043786242604255676
243;-1.6436922550201416;-2.0366663932800293;-2.9467451572418213;0.08355282048388528;-0.0776347974327116;3.110960386689272;0.039408404380083084;0.041134063154459;0.9982825517654419;0.013670060783624649
244;-1.6880654096603394;-2.014435052871704;-2.9711270332336426;0.05190417520576366;-0.05784223939918886;-3.0909758590998484;-0.028241708874702454;-0.02666153945028782;-0.998906135559082;0.02603672258555889
245;-1.7024402618408203;-2.003389835357666;-2.981872081756592;0.04075923173920558;-0.04899357587259177;-3.055407808598425;-0.023588908836245537;-0.02140815556049347;-0.9985429048538208;0.04355589300394058
246;-1.7486692667007446;-1.9812732934951782;-2.9234678745269775;0.024281900688641323;-0.03305088916948931;-2.9987523501673263;-0.01561511866748333;-0.013287154026329517;-0.9972266554832458;0.07154455780982971
247;-1.7615411281585693;-1.966362714767456;-2.983382225036621;0.017134142994470962;-0.025576945732069756;-2.9605284106582936;-0.011960823088884354;-0.009687297977507114;-0.995776891708374;0.0905069038271904
248;-1.7840136289596558;-1.950290322303772;-2.9397451877593994;0.011530718078527367;-0.01854467131813905;-2.930790184408511;-0.00861407071352005;-0.00670856237411499;-0.9943855404853821;0.10525307804346085
249;-1.7664873600006104;-1.942376971244812;-3.016662836074829;0.009791298296138227;-0.016306519181076746;-2.9138851076180066;-0.0075441221706569195;-0.005790025927126408;-0.993476152420044;0.11364246159791946
250;-1.7816683053970337;-1.922935128211975;-2.9676144123077393;0.006137210434462607;-0.010887381900931062;-2.8867816699307456;-0.00500962371006608;-0.003735358826816082;-0.9918733239173889;0.12707515060901642
251;-1.7684394121170044;-1.9098505973815918;-3.0140371322631836;0.004546742593643563;-0.008434175059216826;-2.8694520939254895;-0.003869703272357583;-0.002824384020641446;-0.9907439947128296;0.13565869629383087
252;-1.7726184129714966;-1.8942046165466309;-2.982518434524536;0.0031227251652004573;-0.006025077140234968;-2.8541011888896906;-0.002757793990895152;-0.0019768001511693;-0.9896800518035889;0.1432550698518753
253;-1.7622225284576416;-1.8797850608825684;-2.9968576431274414;0.002249072202862027;-0.004474162244265837;-2.8414846721168407;-0.0020438318606466055;-0.0014463209081441164;-0.988759458065033;0.1494935005903244
254;-1.7460013628005981;-1.8665415048599243;-2.9365577697753906;0.0016447147380244925;-0.0033326143620726386;-2.832872608840059;-0.001520058372989297;-0.0010687692556530237;-0.9881081581115723;0.15374882519245148
255;-1.7285608053207397;-1.8522207736968994;-2.944425582885742;0.00487837217164509;-0.0024613136590862306;-2.8240036676599134;-0.0008294667350128293;-0.0026030943263322115;-0.9874144196510315;0.15813033282756805
256;-1.7126003503799438;-1.8381236791610718;-2.901249647140503;0.10233427048396697;-0.0022246824823334735;-2.81701564904935;0.007167534902691841;-0.05065223574638367;-0.9855587482452393;0.16142164170742035
257;-1.6888222694396973;-1.826399326324463;-2.904867172241211;0.2183171416998697;-0.017516131925719436;-2.8041770443743177;0.009709359146654606;-0.10885289311408997;-0.9797373414039612;0.16784340143203735
258;-1.639190435409546;-1.8198368549346924;-2.9351885318756104;0.3083580262240913;-0.03080201377509397;-2.7832909118730806;0.01238766498863697;-0.15380486845970154;-0.9717864394187927;0.1783866584300995
259;-1.619293451309204;-1.8169896602630615;-2.8855056762695312;0.37420333104137676;-0.048098794408266185;-2.744893722490817;0.013479175046086311;-0.1869679093360901;-0.9621227979660034;0.19794170558452606
260;-1.6004271507263184;-1.8237251043319702;-2.8092968463897705;0.40928321616814817;-0.06642663193261103;-2.6924048765187116;0.013535726815462112;-0.20524443686008453;-0.9525131583213806;0.22452181577682495
261;-1.5419145822525024;-1.833912968635559;-2.836916208267212;0.45267657458907556;-0.08611809723621211;-2.6416932738311867;0.014813389629125595;-0.22761161625385284;-0.940947413444519;0.2501825988292694
262;-1.5058116912841797;-1.857724666595459;-2.809589147567749;0.4762058914868151;-0.10904475904336723;-2.566567564622434;0.015998657792806625;-0.24085909128189087;-0.9268677830696106;0.2874835729598999
263;-1.474402904510498;-1.8976998329162598;-2.755247116088867;0.4829192627065363;-0.13170660047939853;-2.47173124109724;0.018083173781633377;-0.246346578001976;-0.9098750352859497;0.33333730697631836
264;-1.4147862195968628;-1.936472773551941;-2.733715534210205;0.4880833965159288;-0.1495561650389182;-2.3903836406959225;0.020948514342308044;-0.2507472038269043;-0.893576443195343;0.37176379561424255
265;-1.3813557624816895;-1.9833186864852905;-2.7135515213012695;0.48935807177737384;-0.1669237550469274;-2.301668492689559;0.024572007358074188;-0.25340262055397034;-0.8745900392532349;0.41264474391937256
266;-1.3043204545974731;-2.0588064193725586;-2.6600747108459473;0.36652224704011543;-0.17124706414370525;-2.171030335102007;0.010315783321857452;-0.1998290717601776;-0.8592759370803833;0.4707511067390442
267;-1.2419712543487549;-2.1330666542053223;-2.684788227081299;0.24969755375836739;-0.16291723097793717;-2.0471626246505727;-0.004369303584098816;-0.14799600839614868;-0.8392482995986938;0.5232020616531372
268;-1.1822324991226196;-2.2109711170196533;-2.5805580615997314;0.16876018354016806;-0.13424467033273174;-1.9625785300853515;-0.008802775293588638;-0.10705310106277466;-0.8232496380805969;0.5574245452880859
269;-1.1167826652526855;-2.287492036819458;-2.5993001461029053;0.11752589602531584;-0.11221801180511082;-1.879394593308992;-0.01060178130865097;-0.08037373423576355;-0.8027743101119995;0.5907462239265442
270;-1.059219479560852;-2.374791145324707;-2.5614659786224365;0.0786184459835825;-0.08738468304494089;-1.811284206047595;-0.010109106078743935;-0.05782853066921234;-0.7844040393829346;0.6174656748771667
271;-0.9915984869003296;-2.442763566970825;-2.5542917251586914;0.05871170462555519;-0.07179498634881873;-1.7657177367568841;-0.009090298786759377;-0.04543943703174591;-0.7710580229759216;0.6350764036178589
272;-0.9392747282981873;-2.5331368446350098;-2.5099847316741943;0.03982231427245893;-0.054089305191391324;-1.718879247501923;-0.00748551357537508;-0.032726503908634186;-0.7566982507705688;0.6529017686843872
273;-0.8903577923774719;-2.6246230602264404;-2.46230149269104;0.027046926830258958;-0.04026102773981245;-1.6806021732487528;-0.005970435217022896;-0.023500243201851845;-0.744443416595459;0.6672452092170715
274;-0.83354252576828;-2.6948845386505127;-2.4469122886657715;0.02045625144376292;-0.032253502283521175;-1.6547285319881646;-0.004949010908603668;-0.01844216324388981;-0.7359041571617126;0.6768163442611694
275;-0.7929274439811707;-2.78652024269104;-2.3718254566192627;0.014184131091944462;-0.023723959756563176;-1.6294689822544666;-0.003764475230127573;-0.013297032564878464;-0.7274162769317627;0.6860573291778564
276;-0.7599748969078064;-2.884536027908325;-2.2950448989868164;0.009642982619303258;-0.017086265811315424;-1.6072063703961046;-0.0028031826950609684;-0.009400463663041592;-0.7197985649108887;0.6941136717796326
277;-0.7263914942741394;-2.973484516143799;-2.27156138420105;0.006892902921608575;-0.012724515510891063;-1.5889779085724411;-0.002124749356880784;-0.00691666454076767;-0.7134715914726257;0.7006466388702393
278;-0.6952025294303894;-3.0545642375946045;-2.207993745803833;0.00509161391001458;-0.009682773843561305;-1.5765143237417196;-0.0016381461173295975;-0.005218825303018093;-0.7091062068939209;0.7050804495811462
279;-0.6756036877632141;-3.147570848464966;-2.1419291496276855;0.0036123291208826173;-0.007068156574838164;-1.564394155878961;-0.0012097249273210764;-0.00377999572083354;-0.7048295736312866;0.7093656063079834
280;-0.6706125736236572;-3.22894549369812;-2.0877559185028076;0.002653601121405797;-0.0053205486115940346;-1.5555326974096497;-0.0009213644079864025;-0.00282639404758811;-0.7016841173171997;0.7124820351600647
281;-0.6472909450531006;-3.294976234436035;-2.094083309173584;0.0021002050476692387;-0.00427603697909589;-1.5485078834503319;-0.0007441024063155055;-0.0022627708967775106;-0.6991792917251587;0.714942455291748
282;-0.6394845247268677;-3.402409791946411;-2.105034112930298;0.001435837031832146;-0.002984881630910767;-1.5391834702811142;-0.0005228976951912045;-0.001571419881656766;-0.6958403587341309;0.7181946039199829
283;-0.6452599763870239;-3.4969661235809326;-2.108431100845337;0.0010272602111079264;-0.0021635292549051183;-1.5327719908273545;-0.00038021255750209093;-0.00113554741255939;-0.6935352683067322;0.7204216718673706
284;-0.6549404263496399;-3.5856359004974365;-2.1245579719543457;0.0007475836926478653;-0.001593708689128268;-1.5277625882265709;-0.0002812714665196836;-0.0008340163622051477;-0.6917290687561035;0.7221565246582031
285;-0.671606719493866;-3.6754403114318848;-2.180551290512085;0.0005488999749882147;-0.0011796949516382055;-1.5233222467247003;-0.0002084513398585841;-0.000616271689068526;-0.6901242733001709;0.7236905694007874
286;-0.7009415030479431;-3.774789333343506;-2.1980814933776855;0.000387359898956566;-0.000836253185606961;-1.5196349777245766;-0.00014759048644918948;-0.0004365303902886808;-0.6887890100479126;0.7249617576599121
287;-0.7259315252304077;-3.8515987396240234;-2.231127977371216;0.00029658735571288505;-0.0006444453689056015;-1.5171296625204618;-0.0001140155945904553;-0.0003358852700330317;-0.6878803968429565;0.7258239388465881
288;-0.7610204815864563;-3.9354116916656494;-2.2908828258514404;0.00022302243531463625;-0.0004856586238893712;-1.5146969406009565;-8.5792264144402e-05;-0.00025306225870735943;-0.6869970560073853;0.7266601920127869
289;-0.7933853268623352;-3.9992260932922363;-2.2876639366149902;0.0001786577544260851;-0.00038933753905139783;-1.5132947264314718;-6.86829152982682e-05;-0.00020287491497583687;-0.6864874362945557;0.7271416783332825
290;-0.8554356098175049;-4.10544490814209;-2.322741746902466;0.0001240752432203372;-0.0002706050709257021;-1.5111718718880576;-4.762370008393191e-05;-0.0001410227851010859;-0.6857152581214905;0.7278698682785034
291;-0.9177121520042419;-4.199808597564697;-2.350010871887207;8.976459017668105e-05;-0.00019598004988932418;-1.5096369902112499;-3.44464169756975e-05;-0.00010212692723143846;-0.6851564645767212;0.728395938873291
292;-0.9814413189888;-4.2845778465271;-2.422834873199463;6.700952443075812e-05;-0.00014758108834067555;-1.5058700769193158;-2.6008821805589832e-05;-7.675385859329253e-05;-0.6837833523750305;0.7296850681304932
293;-1.0351271629333496;-4.348268508911133;-2.411120891571045;0.007263077965584133;-0.00012409783802991338;-1.4962773821531383;0.0026195435784757137;-0.0025159211363643408;-0.6802710294723511;0.7329516410827637
294;-1.1429860591888428;-4.475518226623535;-2.3836023807525635;0.13277431567374737;-0.005521295048039497;-1.4615714839561083;0.04756017029285431;-0.046328913420438766;-0.6658457517623901;0.7431292533874512
295;-1.2139328718185425;-4.536473274230957;-2.443174123764038;0.22149170309230576;-0.02111886937884724;-1.4308940407887387;0.07653161138296127;-0.08041312545537949;-0.651019275188446;0.7508998513221741
296;-1.2836583852767944;-4.611542701721191;-2.426845073699951;0.2904568880070184;-0.0357373863946975;-1.390922630388463;0.09976300597190857;-0.10628575086593628;-0.6319080591201782;0.7612115144729614
297;-1.3922102451324463;-4.717642784118652;-2.4600465297698975;0.3755755635215736;-0.06500969621289485;-1.3107449829415403;0.12847188115119934;-0.1390295773744583;-0.5936137437820435;0.7821690440177917
298;-1.4828945398330688;-4.814791202545166;-2.4381492137908936;0.3593554803322175;-0.08390603000901056;-1.2254561341973866;0.12234101444482803;-0.13644596934318542;-0.5592133402824402;0.808514416217804
299;-1.5691910982131958;-4.896109104156494;-2.4607253074645996;0.2492080013541339;-0.08862426127202801;-1.1426444875050876;0.08067359030246735;-0.10411244630813599;-0.5313946008682251;0.8368226885795593
300;-1.6572437286376953;-4.974785327911377;-2.430734634399414;0.18444176147327;-0.07985543498215569;-1.0787463262191601;0.058539025485515594;-0.08136425167322159;-0.5078541040420532;0.8555917143821716
301;-1.748654842376709;-5.0610761642456055;-2.44572114944458;0.13298989947411533;-0.06893323242119634;-1.0137471653810157;0.04136556386947632;-0.06229724735021591;-0.4820839762687683;0.8729278445243835
302;-1.842970371246338;-5.150543212890625;-2.408224582672119;0.09328889341488544;-0.05528663833756315;-0.96328472819653;0.028517374768853188;-0.046059995889663696;-0.46141254901885986;0.8855301141738892
303;-1.9401700496673584;-5.2409348487854;-2.3912010192871094;0.06511059041820011;-0.043187371830733394;-0.9192408916058249;0.019591471180319786;-0.03377682715654373;-0.44263967871665955;0.8958489894866943
304;-2.0403552055358887;-5.331180095672607;-2.3706130981445312;0.0461406241944379;-0.033189769127432565;-0.8832519956356566;0.013761568814516068;-0.024856306612491608;-0.42689138650894165;0.9038564562797546
305;-2.116560697555542;-5.372859954833984;-2.4069299697875977;0.03971657607664042;-0.029619094715566445;-0.8660494989818597;0.011809315532445908;-0.021770933642983437;-0.4192226231098175;0.9075455665588379
306;-2.2495410442352295;-5.495595455169678;-2.347200393676758;0.02482211783075416;-0.019930958396458125;-0.8323922464220479;0.007322204764932394;-0.014131125062704086;-0.40411990880966187;0.9145675301551819
307;-2.358250141143799;-5.563086986541748;-2.3245182037353516;0.019264773029741673;-0.015993355621842474;-0.8167561746744619;0.00566438864916563;-0.011163705959916115;-0.39701950550079346;0.9177247881889343
308;-2.470179319381714;-5.651902198791504;-2.2688310146331787;0.013789012113712832;-0.01183831554437906;-0.800167701802826;0.004044456407427788;-0.008136861957609653;-0.38944190740585327;0.9210062026977539
309;-2.584542751312256;-5.7507758140563965;-2.1832480430603027;0.009474469092123494;-0.0083771935169322;-0.7855151619606149;0.002773362910374999;-0.005682704970240593;-0.3827114999294281;0.9238462448120117
310;-2.6717190742492676;-5.809139728546143;-2.2028815746307373;0.007685469717023007;-0.006920456059782604;-0.7763035432342063;0.002247235272079706;-0.004657172132283449;-0.37846097350120544;0.9256027340888977
311;-2.8189430236816406;-5.910135746002197;-2.155064821243286;0.005315342550768863;-0.004885793154276117;-0.7647484490055018;0.001554227783344686;-0.0032581009436398745;-0.37311580777168274;0.9277778267860413
312;-2.908504009246826;-5.983039379119873;-2.1186914443969727;0.004042355018030128;-0.0037678478776681902;-0.7578446517228831;0.00118090002797544;-0.002497951965779066;-0.3699145019054413;0.9290617108345032
313;-3.058579921722412;-6.088423252105713;-2.051487684249878;0.002738578824952634;-0.0025880333203315707;-0.7499118109054275;0.0008002457907423377;-0.0017055881908163428;-0.36622920632362366;0.9305227398872375
314;-3.1794700622558594;-6.158973693847656;-2.10214900970459;0.00215030710796413;-0.002045869752639668;-0.7445060937708123;0.0006294592749327421;-0.0013439228059723973;-0.36371365189552307;0.9315096735954285
315;-3.3001577854156494;-6.251945495605469;-2.0431456565856934;0.0015231873153928731;-0.0014556647204206363;-0.7399511292624321;0.0004468823317438364;-0.0009539707680232823;-0.3615919351577759;0.9323358535766602
316;-3.420531749725342;-6.324703216552734;-2.0447773933410645;0.0011708471773259983;-0.0011237858164552528;-0.7366140785004016;0.00034386198967695236;-0.0007349851075559855;-0.36003610491752625;0.9329379796981812
317;-3.480651378631592;-6.370569229125977;-2.0759999752044678;0.0009933580373153088;-0.0009565352324109974;-0.7345923880811256;0.00029180862475186586;-0.0006247219862416387;-0.35909298062324524;0.9333015084266663
318;-3.6584389209747314;-6.496601581573486;-2.0571117401123047;0.09560816538413873;-0.0006498094091967291;-0.730549528878838;0.044517308473587036;-0.01737252250313759;-0.35678336024284363;0.9329640865325928
319;-3.7736241817474365;-6.564754962921143;-2.164008617401123;0.21110860332195158;-0.01084316352378771;-0.7299753878711408;0.09649241715669632;-0.04264208674430847;-0.35441240668296814;0.9291192889213562
320;-3.880671977996826;-6.654851913452148;-2.162705421447754;0.300602165674201;-0.021037815918715865;-0.7297586326271428;0.13615936040878296;-0.06314371526241302;-0.351322740316391;0.9241459965705872
321;-3.9805748462677;-6.721151351928711;-2.239091634750366;0.3736611045375293;-0.030615688142948773;-0.7264966577126541;0.16826064884662628;-0.08004939556121826;-0.3464306592941284;0.9193835854530334
322;-4.068445682525635;-6.793036937713623;-2.272317409515381;0.41841210910492677;-0.0405268792861578;-0.7137730710167397;0.18763267993927002;-0.09111243486404419;-0.3377281725406647;0.9178410768508911
323;-4.148229122161865;-6.850129127502441;-2.3263776302337646;0.4545220178358467;-0.05257187473249524;-0.6918957216657168;0.2032049149274826;-0.10046358406543732;-0.3246845304965973;0.9182563424110413
324;-4.219681739807129;-6.8980021476745605;-2.4038422107696533;0.4772460216373662;-0.06741153959090995;-0.6590090506197624;0.21292680501937866;-0.10742108523845673;-0.30669015645980835;0.921446681022644
325;-4.275259971618652;-6.948665618896484;-2.4300873279571533;0.35310265318418405;-0.07079482684234537;-0.6075246841495403;0.15706856548786163;-0.08574672043323517;-0.28834715485572815;0.940655529499054
326;-4.328014373779297;-6.986124038696289;-2.5016958713531494;0.26330104256458375;-0.06944022830335181;-0.5541297201037437;0.11677507311105728;-0.06898559629917145;-0.2666201591491699;0.9542108774185181
327;-4.365424156188965;-7.010590553283691;-2.502162456512451;0.2129423080767719;-0.06358671073796446;-0.5252094162861233;0.09436965733766556;-0.05809782072901726;-0.254734069108963;0.9606401920318604
328;-4.4054131507873535;-7.043719291687012;-2.5677521228790283;0.1590205540012876;-0.05519234377317909;-0.4844554551051232;0.07048076391220093;-0.04574696719646454;-0.23688946664333344;0.9678961634635925
329;-4.441346168518066;-7.085637092590332;-2.613503932952881;0.1069685078075294;-0.04265522777533228;-0.44261005623639965;0.04746871069073677;-0.03250783681869507;-0.2180270403623581;0.9742453694343567
330;-4.455550670623779;-7.110956192016602;-2.6395599842071533;0.08303177945332549;-0.035458319173422764;-0.4209953338259225;0.036880411207675934;-0.025992730632424355;-0.20801421999931335;0.9770845174789429
331;-4.466907024383545;-7.153725624084473;-2.680027723312378;0.05379460095072718;-0.02506625634804452;-0.39029572349046365;0.02395213209092617;-0.01750512607395649;-0.19349555671215057;0.9806525707244873
332;-4.4826741218566895;-7.179136753082275;-2.6751601696014404;0.041276993971586955;-0.019975779932710325;-0.37603973686003855;0.018405871465802193;-0.013666772283613682;-0.18666242063045502;0.9821565747261047
333;-4.486769676208496;-7.2067437171936035;-2.7226922512054443;0.030903249871987587;-0.01555502302230353;-0.3610552947428685;0.013803196139633656;-0.010424253530800343;-0.17940358817577362;0.9836235046386719
334;-4.477975368499756;-7.237154960632324;-2.7168920040130615;0.022292095377875357;-0.011578798611716255;-0.3485571268185393;0.009972994215786457;-0.0076339407823979855;-0.1733204424381256;0.9847854375839233
335;-4.463265419006348;-7.2615532875061035;-2.7050278186798096;0.017056035407633282;-0.009038803750899263;-0.3400937189942257;0.0076400479301810265;-0.005897192750126123;-0.1691826730966568;0.9855374097824097
336;-4.441814422607422;-7.295838356018066;-2.7465789318084717;0.011801084761028202;-0.006419181000844313;-0.3290427697231903;0.005295145325362682;-0.004132571630179882;-0.1637578159570694;0.9864777326583862
337;-4.415005683898926;-7.323949337005615;-2.7561049461364746;0.008750497807217037;-0.004827856898803703;-0.32194965010502535;0.003931755665689707;-0.003083957824856043;-0.16026808321475983;0.9870608448982239
338;-4.384148120880127;-7.35040807723999;-2.7872676849365234;0.006569596902799384;-0.003668665491196554;-0.31605071297143383;0.0029551940970122814;-0.002328388160094619;-0.15736141800880432;0.9875338673591614
339;-4.336851119995117;-7.381350040435791;-2.7409656047821045;0.00466527908283476;-0.0026302333185568936;-0.3111111699563909;0.0021007212344557047;-0.0016606264980509877;-0.1549254208803177;0.9879224896430969
340;-4.302862167358398;-7.401415824890137;-2.716712236404419;0.003740069109256323;-0.002115606816821771;-0.3082903938027411;0.0016854496207088232;-0.0013323754537850618;-0.1535331755876541;0.9881411790847778
341;-4.2323079109191895;-7.437263488769531;-2.7624351978302;0.0025516973234043826;-0.0014545916958897806;-0.30339553021151155;0.0011512896744534373;-0.0009117447189055383;-0.1511155366897583;0.9885150194168091
342;-4.1807861328125;-7.459441184997559;-2.757582426071167;0.0020090963826464715;-0.00114726999026887;-0.30110570876869114;0.0009071482927538455;-0.0007178127998486161;-0.14998409152030945;0.9886876940727234
343;-4.110847473144531;-7.4871344566345215;-2.748687744140625;0.0014837945007905508;-0.0008502005438336995;-0.29867481058162265;0.0006703920662403107;-0.0005307503743097186;-0.14878258109092712;0.9888695478439331
344;-4.033788681030273;-7.514799118041992;-2.7366695404052734;0.0010980838340106508;-0.0006295442511486598;-0.2966480695606914;0.0004964962136000395;-0.0003924537741113454;-0.14778058230876923;0.9890199303627014
345;-3.9716570377349854;-7.535408020019531;-2.7493607997894287;0.000878157334094683;-0.0005049704414159175;-0.2944120987720347;0.0003972966514993459;-0.0003141563793178648;-0.14667485654354095;0.989184558391571
346;-3.86175274848938;-7.568559169769287;-2.727827310562134;0.0008596363791570798;-0.0003606080558395551;-0.2758728786264861;0.0004009440017398447;-0.00023769123072270304;-0.1374993622303009;0.9905017018318176
347;-3.760781764984131;-7.597552299499512;-2.6819581985473633;0.071261486746066;-0.0014759307794530066;-0.24613178384745635;0.035263244062662125;-0.005104862153530121;-0.12265145033597946;0.9918099641799927
348;-3.6881368160247803;-7.614847183227539;-2.643338918685913;0.13676875437572045;-0.010877367978788457;-0.22348275756623526;0.06729888916015625;-0.013011522591114044;-0.1108773946762085;0.9914675354957581
349;-3.542689085006714;-7.646439075469971;-2.656073570251465;0.28970773252449317;-0.03841650030775936;-0.15058068287590948;0.142482727766037;-0.02980779856443405;-0.0716530829668045;0.9867502450942993
350;-3.4620625972747803;-7.657294750213623;-2.6407124996185303;0.33265562524181436;-0.05133342559429461;-0.11396313810813616;0.16379740834236145;-0.03469441086053848;-0.05190421640872955;0.984516441822052
351;-3.302250623703003;-7.671947956085205;-2.6083486080169678;0.4000528775254881;-0.080825805350836;-0.023778836210471326;0.1980482041835785;-0.041953928768634796;-0.0036154724657535553;0.9792873859405518
352;-3.1624536514282227;-7.674563884735107;-2.579838514328003;0.32597702006703516;-0.09530483534973248;0.0620138113856815;0.16346290707588196;-0.041955575346946716;0.03828214854001999;0.9849132299423218
353;-3.058006763458252;-7.672374725341797;-2.534686326980591;0.2530597891503389;-0.090968732990963;0.113027542448364;0.12840847671031952;-0.03791273757815361;0.06170284375548363;0.9890736937522888
354;-2.8756866455078125;-7.6639604568481445;-2.5173633098602295;0.17013161211687824;-0.0789578967858059;0.1941094876538098;0.08830829709768295;-0.030914174392819405;0.09981442987918854;0.9905973076820374
355;-2.769558906555176;-7.657939434051514;-2.5180368423461914;0.14038299955441721;-0.07134699135504999;0.22957902986573558;0.07370302081108093;-0.027316108345985413;0.11666778475046158;0.9900557398796082
356;-2.5625669956207275;-7.640478134155273;-2.4173033237457275;0.08930744434672114;-0.05251847930235017;0.28628551275999803;0.04790894314646721;-0.019596043974161148;0.14362315833568573;0.9882778525352478
357;-2.4357473850250244;-7.628937244415283;-2.4051315784454346;0.06821440477889071;-0.04355215631589714;0.3175258776774845;0.037104200571775436;-0.01609809324145317;0.1587006002664566;0.9864979386329651
358;-2.220136880874634;-7.607815265655518;-2.343416690826416;0.044453197086577634;-0.03107309140848555;0.3567322852960278;0.02462526224553585;-0.011342980898916721;0.17769645154476166;0.9837117791175842
359;-2.0536434650421143;-7.591980934143066;-2.2539565563201904;0.03314211311010868;-0.024168133066659186;0.3760304267302391;0.018535353243350983;-0.008772272616624832;0.18706683814525604;0.9821332097053528
360;-1.8764266967773438;-7.574441432952881;-2.244903087615967;0.024118576751686514;-0.01845395239532028;0.39870982810358546;0.013646784238517284;-0.006655419245362282;0.19812330603599548;0.9800594449043274
361;-1.6932271718978882;-7.555145263671875;-2.186081647872925;0.01718149214710693;-0.013662456338598054;0.41618601831741137;0.009816345758736134;-0.0049088201485574245;0.2066393941640854;0.9783556461334229
362;-1.5216726064682007;-7.539139747619629;-2.115086793899536;0.013190124611521314;-0.010708570132282089;0.42723387257436407;0.0075800782069563866;-0.0038343495689332485;0.21202287077903748;0.9772277474403381
363;-1.3376424312591553;-7.520447254180908;-2.0757391452789307;0.009621882995571438;-0.008009075390588889;0.4396159556065873;0.005568277090787888;-0.002859154250472784;0.21805675327777863;0.9759160280227661
364;-1.1578963994979858;-7.502785682678223;-1.996753454208374;0.007225705570671831;-0.0061204435468173;0.4480650253490032;0.004202404525130987;-0.002181083895266056;0.22217144072055817;0.9749961495399475
365;-0.9627514481544495;-7.481114864349365;-1.9316091537475586;0.00509310416326789;-0.004375577666846098;0.457281946936184;0.0029761395417153835;-0.0015536593273282051;0.22665822505950928;0.9739685654640198
366;-0.7712973356246948;-7.460476398468018;-1.8846709728240967;0.0036529656005486006;-0.003182888046487796;0.46443606035612556;0.0021437022369354963;-0.0011283840285614133;0.23013871908187866;0.9731549024581909
367;-0.5929653644561768;-7.443578243255615;-1.8571343421936035;0.0028246388156911713;-0.0024766918829400553;0.46933715539366705;0.0016615490894764662;-0.0008760101045481861;0.23252196609973907;0.9725892543792725
368;-0.40053850412368774;-7.422665119171143;-1.8601188659667969;0.0020313628037259396;-0.0017933844708483899;0.4747066843316709;0.00119804497808218;-0.0006327336886897683;0.23513168096542358;0.9719625115394592
369;-0.21907243132591248;-7.404303550720215;-1.8300549983978271;0.0015270537052343056;-0.0013570784208624237;0.47815246036261594;0.0009024913306348026;-0.00047843228094279766;0.23680561780929565;0.9715564846992493
370;-0.028154315426945686;-7.383246898651123;-1.8620948791503906;0.0011068466964801378;-0.0009853838305410154;0.48191468137069865;0.0006550070829689503;-0.0003463932080194354;0.23863261938095093;0.9711096286773682
371;0.10766204446554184;-7.368770122528076;-1.823678970336914;0.0008866513903092095;-0.0007914304168788954;0.4836285511214793;0.0005251868860796094;-0.0002780411159619689;0.2394646406173706;0.9709048867225647
372;0.3379034399986267;-7.343698024749756;-1.8828394412994385;0.0006065833211607971;-0.0005416869047187787;0.4868112661324249;0.00035962724359706044;-0.00018976363935507834;0.24100932478904724;0.9705227017402649
373;0.5091661214828491;-7.32654333114624;-1.9098234176635742;0.0004654708609642173;-0.000415444376834669;0.4885042037819785;0.0002760610659606755;-0.00014527409803122282;0.2418307214975357;0.9703184366226196
374;0.6957126259803772;-7.3041090965271;-1.946500539779663;0.00032994300122880067;-0.00029456613620424315;0.4903503836638597;0.0001957874628715217;-0.00010283562005497515;0.24272629618644714;0.9700947999954224
375;0.8709589838981628;-7.284310817718506;-2.005753993988037;0.0002443930608947948;-0.0002179145542090366;0.49177007340063167;0.00014504295540973544;-7.593564077978954e-05;0.24341484904289246;0.9699222445487976
376;1.0330886840820312;-7.267164707183838;-2.035627603530884;0.00018872775024543243;-0.00016832350973033515;0.4927387179294262;0.00011204023758182302;-5.860653618583456e-05;0.24388456344604492;0.9698042869567871
377;1.2010865211486816;-7.247376441955566;-2.1085333824157715;0.0001395694300784117;-0.00012409685636806893;0.4937377936413088;8.283171337097883e-05;-4.3114043364766985e-05;0.24436898529529572;0.9696823358535767
378;1.3806606531143188;-7.222351551055908;-2.127467632293701;9.498569716890305e-05;-8.404254709296898e-05;0.49461194027762806;5.6334403780056164e-05;-2.9116887162672356e-05;0.24479278922080994;0.9695754051208496
379;1.530296802520752;-7.205224990844727;-2.1898159980773926;7.330432500736185e-05;-6.496905589999414e-05;0.4958130151719101;4.350253220763989e-05;-2.2497893951367587e-05;0.24537500739097595;0.9694282412528992
380;1.6885075569152832;-7.18415641784668;-2.2686522006988525;0.005353027809771118;-5.066398965538905e-05;0.5074494549387325;0.002597178565338254;0.0006473131361417472;0.25101032853126526;0.9679807424545288
381;1.833922266960144;-7.165492534637451;-2.3928472995758057;0.11163494822633423;-0.0067256660685521006;0.5311985056835489;0.05471331626176834;0.01140384841710329;0.2622583210468292;0.963377833366394
382;1.9790641069412231;-7.142475605010986;-2.40687894821167;0.20878532273792105;-0.02200888686122237;0.5630168729544454;0.10313578695058823;0.018432892858982086;0.27737748622894287;0.9550313353538513
383;2.08839750289917;-7.1212592124938965;-2.4620327949523926;0.28952188690137487;-0.03731726859381665;0.6034505966383407;0.14320160448551178;0.025232400745153427;0.29657843708992004;0.9438738822937012
384;2.2403485774993896;-7.0883469581604;-2.5293567180633545;0.35730494274081354;-0.058650244430958565;0.666516099877764;0.17729337513446808;0.03083931654691696;0.32670241594314575;0.927837073802948
385;2.364733934402466;-7.049003601074219;-2.563286066055298;0.25154150867683556;-0.06055867128583742;0.7248379899249046;0.1278860867023468;0.016368018463253975;0.35512644052505493;0.9258847832679749
386;2.469378709793091;-7.012526512145996;-2.611027240753174;0.19609934830600154;-0.05541014904773734;0.7687957649742694;0.10105224698781967;0.011139096692204475;0.37557053565979004;0.9212009906768799
387;2.548849582672119;-6.979310989379883;-2.677222490310669;0.15064612703186128;-0.04916083190267204;0.8032331825331396;0.07882361114025116;0.006849445402622223;0.3913830518722534;0.9168201088905334
388;2.635965585708618;-6.941559791564941;-2.715885877609253;0.1142171469732687;-0.041727425670589374;0.8326026248493869;0.06061374396085739;0.004026744514703751;0.4047223925590515;0.9124196171760559
389;2.728888750076294;-6.890267848968506;-2.7350637912750244;0.08117772405508517;-0.03237819202521309;0.8627551360984069;0.04361874237656593;0.002270965836942196;0.4183201491832733;0.9072489142417908
390;2.8305656909942627;-6.827875137329102;-2.7846150398254395;0.05324565297007935;-0.023266319417456622;0.8926880791886076;0.029029961675405502;0.0010006381198763847;0.4317677915096283;0.9015169739723206
391;2.8895318508148193;-6.789614200592041;-2.811530113220215;0.04189706417784233;-0.019094227368425334;0.907338686095778;0.02301044762134552;0.0006005903705954552;0.4383302628993988;0.8985192179679871
392;2.9521172046661377;-6.741268634796143;-2.8688204288482666;0.030745168093542313;-0.014639378259154788;0.9237550617283676;0.017022348940372467;0.00029814522713422775;0.44566580653190613;0.8950375914573669
393;2.9893438816070557;-6.708740234375;-2.887284517288208;0.024968400043333054;-0.012195705495974454;0.9324966723669948;0.013892140239477158;0.00016535865142941475;0.44956284761428833;0.8931406736373901
394;3.038919687271118;-6.65968132019043;-2.9384658336639404;0.01842604681743345;-0.009250163535611405;0.9444150944893792;0.010308241471648216;7.171742618083954e-05;0.4548671245574951;0.8904997110366821
395;3.086428165435791;-6.603673458099365;-2.9366838932037354;0.012973118674529346;-0.0066792953439432975;0.9542339724135492;0.007295683026313782;1.2104632332921028e-05;0.4592270851135254;0.8882888555526733
396;3.1314854621887207;-6.537464618682861;-2.934544801712036;0.008650620008039027;-0.0045555823413199635;0.9636499073306634;0.004888365976512432;-1.4120712876319885e-05;0.46340033411979675;0.8861355185508728
397;3.146550178527832;-6.497640132904053;-2.9461333751678467;0.006840669607003177;-0.0036218167823412924;0.9685603524477244;0.0038701226003468037;-1.0257819667458534e-05;0.46557343006134033;0.8850007653236389
398;3.164048671722412;-6.45779275894165;-2.98093843460083;0.005341933771786565;-0.0028634072135636335;0.9731243781053392;0.00303043145686388;-1.6628997400403023e-05;0.4675910472869873;0.8839397430419922
399;3.173224687576294;-6.401225566864014;-2.9907665252685547;0.0037882871132447035;-0.002049088274968887;0.9781078163885508;0.0021534264087677;-1.4592544175684452e-05;0.4697915315628052;0.8827747702598572
400;3.183614730834961;-6.344576835632324;-2.9718129634857178;0.002705127015041246;-0.0014679430864523114;0.981948503953859;0.0015388461761176586;-9.556359145790339e-06;0.47148558497428894;0.8818724751472473
401;3.184032440185547;-6.291230201721191;-2.949326992034912;0.00196280569982108;-0.0010684726531840793;0.9849299295841981;0.0011173690436407924;-6.746326107531786e-06;0.47279953956604004;0.881169319152832
402;3.17352032661438;-6.244639873504639;-2.9969301223754883;0.0014689785425634446;-0.0008046625675653403;0.9875561585801805;0.0008374406024813652;-6.1565369833260775e-06;0.4739561378955841;0.8805480599403381
403;3.1646785736083984;-6.187951564788818;-2.9675567150115967;0.0010443118363621024;-0.0005726813953687748;0.9897257639073741;0.0005955011583864689;-4.0119048207998276e-06;0.47491103410720825;0.8800336122512817
404;3.134594440460205;-6.147998332977295;-2.985386848449707;0.0008274116826126253;-0.00045275690252228744;0.9911995927462613;0.0004715865943580866;-2.399741788394749e-06;0.47555938363075256;0.8796835541725159
405;3.1114745140075684;-6.094696044921875;-2.9740145206451416;0.0005965154275621369;-0.0003271102752464927;0.9927231558822225;0.00034015404526144266;-1.7784041119739413e-06;0.47622936964035034;0.8793210387229919
406;3.077697277069092;-6.048139572143555;-3.007918357849121;0.00045175365535833715;-0.0002471208580161284;0.9939753951089534;0.00025746197206899524;-9.1892434284091e-07;0.4767798185348511;0.8790227770805359
407;3.0384581089019775;-5.998064041137695;-2.921208381652832;0.04599033652723138;-0.0005555152768191183;0.9947592751144283;0.020339686423540115;0.010726549662649632;0.4770037829875946;0.8786002993583679
408;2.999630928039551;-5.944067478179932;-2.92301869392395;0.17340571731872462;-0.017701989583900336;0.9988930695140622;0.08023672550916672;0.03373127803206444;0.4777948260307312;0.8741489052772522
409;2.954995632171631;-5.884185791015625;-2.8733468055725098;0.27786623385416764;-0.029798025382533493;1.0186241378673901;0.12809062004089355;0.05463313311338425;0.4846263825893402;0.8635654449462891
410;2.8974592685699463;-5.828339576721191;-2.868206024169922;0.35565136433617467;-0.04608105482845555;1.0535923871224815;0.16426736116409302;0.06930980086326599;0.49822959303855896;0.8485161662101746
411;2.845038414001465;-5.789076805114746;-2.847168445587158;0.38921290694452315;-0.05772243309111316;1.0840073603226965;0.18020063638687134;0.07545977085828781;0.5106860399246216;0.837277352809906
412;2.7538671493530273;-5.705379486083984;-2.7772152423858643;0.42887041124080516;-0.08253549777146021;1.160287787921308;0.1999235898256302;0.08282782137393951;0.5424767136573792;0.8117197751998901
413;2.6908376216888428;-5.655599117279053;-2.7933950424194336;0.4187639344033214;-0.1005828392497529;1.2226986491456233;0.1982158124446869;0.07888659834861755;0.5692836046218872;0.7939795851707458
414;2.5955867767333984;-5.594483375549316;-2.734194278717041;0.3080039259650644;-0.09800849756618117;1.282077482612538;0.15174134075641632;0.05282848700881004;0.5962635278701782;0.7865452170372009
415;2.472651243209839;-5.496043682098389;-2.67240047454834;0.20001262947340054;-0.08403229426391695;1.3640618056809202;0.10378223657608032;0.03043612837791443;0.6299232244491577;0.7690901160240173
416;2.36623477935791;-5.42496919631958;-2.6036107540130615;0.14867331750332186;-0.07064248169435011;1.4075109610715073;0.07937606424093246;0.02117832750082016;0.6468955278396606;0.7581406235694885
417;2.2578656673431396;-5.3469672203063965;-2.5725884437561035;0.10852077673176513;-0.05753755152216875;1.4512735131325583;0.05961482226848602;0.014488659799098969;0.6635280847549438;0.7456316947937012
418;2.1469109058380127;-5.2626800537109375;-2.512765407562256;0.07624439323173324;-0.04459404519457885;1.4870455643796947;0.04312785342335701;0.009392386302351952;0.6768507361412048;0.7347958087921143
419;2.0627758502960205;-5.193462371826172;-2.461803436279297;0.05796074305402868;-0.03589343495309079;1.511142893296245;0.033388201147317886;0.006809131242334843;0.6856849193572998;0.7271003723144531
420;1.918479561805725;-5.1077704429626465;-2.3752615451812744;0.04155775462639694;-0.027128457571868676;1.5344895754538503;0.024368073791265488;0.004659912548959255;0.6941437721252441;0.7194086909294128
421;1.8040833473205566;-5.016164779663086;-2.2817986011505127;0.029355797175870852;-0.019970415460495394;1.5549806090842413;0.017463376745581627;0.0031802249141037464;0.7014869451522827;0.7124611735343933
422;1.6903252601623535;-4.9451398849487305;-2.2859199047088623;0.02209109923811652;-0.015689727659763363;1.5716616166184791;0.01335576456040144;0.0022690012119710445;0.7074089646339417;0.7066746354103088
423;1.5768259763717651;-4.863608360290527;-2.216357946395874;0.01619263046982942;-0.011825440961784228;1.5846633088416908;0.009894616901874542;0.0016126763075590134;0.7119902968406677;0.7021176815032959
424;1.4640458822250366;-4.787544250488281;-2.129067897796631;0.01222531634326419;-0.0090595477955877;1.5941688992120522;0.00751159992069006;0.0012071304954588413;0.7153204083442688;0.6987552642822266
425;1.354015827178955;-4.700291633605957;-2.0502400398254395;0.008758344383086156;-0.006637096688559449;1.6039499144001734;0.00542987696826458;0.000840095104649663;0.7187299132347107;0.6952677369117737
426;1.2462100982666016;-4.6129045486450195;-1.9770197868347168;0.006296839655270261;-0.004846930513763435;1.6119958769443379;0.003928502090275288;0.0005936664529144764;0.7215215563774109;0.6923806667327881
427;1.1410362720489502;-4.536150932312012;-1.9452834129333496;0.004748099210236414;-0.003688573444371089;1.6182400394547725;0.0029730808455497026;0.0004452446009963751;0.7236799001693726;0.6901292204856873
428;1.038210391998291;-4.459707736968994;-1.8818111419677734;0.003580452737183562;-0.002799033970694922;1.6228434618977772;0.002247532829642296;0.00033486884785816073;0.7252665758132935;0.6884644031524658
429;0.9395036101341248;-4.377560615539551;-1.849210262298584;0.0026395455641553055;-0.002076148887620402;1.6273354695877718;0.0016609517624601722;0.000246237323153764;0.7268111109733582;0.6868353486061096
430;0.8449023962020874;-4.289913177490234;-1.8286454677581787;0.001903158222659341;-0.0015057321813409812;1.6313195361116286;0.0012004210148006678;0.000176913570612669;0.7281779050827026;0.6853869557380676
431;0.7547987103462219;-4.20754337310791;-1.8475096225738525;0.0014058601021329604;-0.0011159180739870283;1.6346059581532104;0.0008878592634573579;0.00013089881394989789;0.7293031811714172;0.684190034866333
432;0.6684205532073975;-4.131049156188965;-1.8290634155273438;0.0010677144914679772;-0.000847458885400405;1.6368576748501737;0.0006741748657077551;0.0001001911296043545;0.7300730347633362;0.6833688616752625
433;0.587581992149353;-4.048899173736572;-1.8484491109848022;0.0007845992193129584;-0.0006238221996904631;1.6390632408794825;0.0004957222263328731;7.380371971521527e-05;0.730826199054718;0.682563304901123
434;0.5122131705284119;-3.961301565170288;-1.8772711753845215;0.0005568799844647763;-0.0004500150693711998;1.6473098760867282;0.00035428558476269245;5.137055995874107e-05;0.7336344122886658;0.6795442700386047
435;0.4424707293510437;-3.884493827819824;-1.9282491207122803;0.021720362070584566;-0.00036740368523727125;1.667741422884912;0.0074340845458209515;0.00791877694427967;0.7404957413673401;0.6719732284545898
436;0.3776090443134308;-3.791779041290283;-1.9288787841796875;0.1404269482292742;-0.0029380327466659723;1.701805226782186;0.04735579714179039;0.05178224667906761;0.7500903606414795;0.657602071762085
437;0.3176448941230774;-3.7314672470092773;-1.9959338903427124;0.23918840186720017;-0.02120506784638057;1.7385492045987907;0.08503647893667221;0.08433693647384644;0.7591785788536072;0.6397687196731567
438;0.2577759027481079;-3.634239673614502;-1.9649698734283447;0.31705107879971745;-0.04294455287949846;1.7983685478682414;0.11480391770601273;0.11035674065351486;0.7749347686767578;0.6116515398025513
439;0.19880332052707672;-3.5482189655303955;-1.9795793294906616;0.378531963422993;-0.06888904238891345;1.8728142338523228;0.138682559132576;0.1313965916633606;0.7944217324256897;0.5765382051467896
440;0.14430007338523865;-3.4842617511749268;-2.01375150680542;0.4194516531409217;-0.0921789326297679;1.9429529920185307;0.15452218055725098;0.1463059037923813;0.8121793866157532;0.5432146191596985
441;0.08439303934574127;-3.4005675315856934;-2.0218029022216797;0.4486805974853744;-0.11992526960697937;2.0410618849146287;0.16592060029506683;0.15873245894908905;0.8365036249160767;0.49753010272979736
442;0.024756597355008125;-3.3239388465881348;-2.0512146949768066;0.4736694493198839;-0.14877481623956718;2.149406922643901;0.17490705847740173;0.1713840365409851;0.8608353734016418;0.44609105587005615
443;-0.038865409791469574;-3.2450554370880127;-2.0505998134613037;0.408411295003853;-0.16079901033363503;2.269701315349817;0.15664350986480713;0.15001998841762543;0.8916468024253845;0.3973950743675232
444;-0.09939853101968765;-3.1737496852874756;-1.9942033290863037;0.28077254496805704;-0.15028485219075496;2.3623115388786866;0.12176316976547241;0.10083642601966858;0.9173505306243896;0.36534038186073303
445;-0.1544152945280075;-3.1083672046661377;-2.0359654426574707;0.1998254200984752;-0.13453281699284408;2.457586059650273;0.09638392925262451;0.07132714986801147;0.9375150203704834;0.3266315758228302
446;-0.22080163657665253;-3.026190996170044;-1.994687557220459;0.1301323294118661;-0.10596453570664079;2.54102097958955;0.06968626379966736;0.04639226198196411;0.9529114961624146;0.2914639115333557
447;-0.2505527138710022;-2.9855566024780273;-1.9848389625549316;0.10493578898693838;-0.092794538883685;2.5778264310055814;0.059061162173748016;0.037436120212078094;0.9588558673858643;0.27514684200286865
448;-0.3176676034927368;-2.8917458057403564;-1.9329912662506104;0.06428261258305537;-0.06585776618676148;2.6457294179130315;0.03978155553340912;0.023061145097017288;0.9686557650566101;0.2441139966249466
449;-0.36216026544570923;-2.8208229541778564;-1.90816330909729;0.04424389650047559;-0.04971264636538408;2.688610469575001;0.029178841039538383;0.01596876233816147;0.9740443229675293;0.22389951348304749
450;-0.39658689498901367;-2.7545793056488037;-1.9053864479064941;0.03122016533701304;-0.037933464344815634;2.723560390357697;0.02178889885544777;0.011332136578857899;0.9780018329620361;0.2071453332901001
451;-0.42046600580215454;-2.693204402923584;-1.855015516281128;0.022979995574819456;-0.029294246602771135;2.747364337178601;0.016611944884061813;0.008397843688726425;0.9804988503456116;0.19564121961593628
452;-0.4428350031375885;-2.6274895668029785;-1.8553377389907837;0.0163271279507518;-0.021997088461252826;2.7718210340684752;0.012311156839132309;0.006002059206366539;0.982881486415863;0.18372875452041626
453;-0.4503820836544037;-2.570836067199707;-1.84309720993042;0.012228001145402982;-0.017114519790308046;2.7887464536760382;0.00949718989431858;0.004517007153481245;0.9844325184822083;0.17544811964035034
454;-0.465399831533432;-2.501310348510742;-1.838759422302246;0.0086273401053507;-0.01252317448550821;2.8065080200716133;0.006893141195178032;0.0032090081367641687;0.9859736561775208;0.1667281687259674
455;-0.4702582359313965;-2.436201572418213;-1.8719371557235718;0.006214920930517188;-0.009325384087857441;2.821337837738999;0.005098463036119938;0.0023242365568876266;0.987193763256073;0.15942716598510742
456;-0.4826801121234894;-2.3585140705108643;-1.8433852195739746;0.004231805531755705;-0.0065369604073448485;2.8346029218093403;0.003553543472662568;0.001591287786141038;0.9882363080978394;0.1528848260641098
457;-0.4626808762550354;-2.306593656539917;-1.8944871425628662;0.003233473930489228;-0.005142092558378922;2.8478407189383717;0.00277996389195323;0.0012230558786541224;0.9892292022705078;0.14634369313716888
458;-0.46662336587905884;-2.246253490447998;-1.8962936401367188;0.0022895807372088355;-0.0038578507230765564;2.8697982918785376;0.0020662336610257626;0.0008729042019695044;0.9907779693603516;0.1354767382144928
459;-0.44722506403923035;-2.1643564701080322;-1.9349498748779297;0.05213328327993784;-0.002794147128703249;2.9173183046519866;0.004304410889744759;0.02574368193745613;0.9933847188949585;0.11182799190282822
460;-0.42081403732299805;-2.1051530838012695;-1.9340307712554932;0.14709573051855626;-0.004942894117429729;2.9604477415420614;0.009100951254367828;0.07295722514390945;0.993222177028656;0.09002301841974258
461;-0.40431082248687744;-2.03658390045166;-1.9619255065917969;0.26089156360180965;-0.016006107896920533;3.03192522713718;0.015051805414259434;0.12944160401821136;0.9900391101837158;0.053299430757761
462;-0.3751435875892639;-1.9810749292373657;-1.9830236434936523;0.33268489921101035;-0.03100180102957074;3.1030946152180974;0.018470101058483124;0.1652316153049469;0.9859451651573181;0.016413863748311996
463;-0.328730046749115;-1.9408386945724487;-2.022709369659424;0.383274208583569;-0.042115087093418276;-3.125785219520038;-0.01916484348475933;-0.19058148562908173;-0.981413722038269;0.011767558753490448
464;-0.29334086179733276;-1.8962764739990234;-2.0613787174224854;0.4012020564976768;-0.05239558200397199;-3.068419745581864;-0.01836630143225193;-0.19999560713768005;-0.9787642955780029;0.041048530489206314
465;-0.25028496980667114;-1.8607512712478638;-2.0693283081054688;0.28875142446460333;-0.05511508718222108;-3.0239423455803456;-0.018764862790703773;-0.14517436921596527;-0.9872759580612183;0.062114931643009186
466;-0.20962907373905182;-1.8273398876190186;-2.099277973175049;0.21327287982756352;-0.05100273233623238;-2.980473153088296;-0.016709258779883385;-0.10809505730867386;-0.9905543327331543;0.0826946496963501
467;-0.16654077172279358;-1.7982386350631714;-2.050234079360962;0.15897206456110605;-0.0429987809761018;-2.9504010927617976;-0.013754792511463165;-0.0810670480132103;-0.9918989539146423;0.09682604670524597
468;-0.13152647018432617;-1.76810622215271;-2.047781229019165;0.11203314003072293;-0.03458690637195184;-2.9183713709708123;-0.01092316210269928;-0.05755361542105675;-0.9919630885124207;0.11214989423751831
469;-0.0759434849023819;-1.7469141483306885;-2.043107509613037;0.08485300572465324;-0.028485656425999258;-2.8981515565638447;-0.00897488184273243;-0.043823447078466415;-0.9915340542793274;0.12189824134111404
470;-0.033901963382959366;-1.722092866897583;-2.058213472366333;0.061336237982403126;-0.022134067983993297;-2.8763340685940686;-0.006909762974828482;-0.03185494616627693;-0.9906460642814636;0.13250692188739777
471;0.027978219091892242;-1.7043075561523438;-2.0728158950805664;0.04804203810817311;-0.018112655864242298;-2.862527566008737;-0.005625211633741856;-0.02504347637295723;-0.9899244904518127;0.1392497569322586
472;0.07087507843971252;-1.6817245483398438;-2.05694580078125;0.034665847833891886;-0.013664599045376176;-2.8482953715393173;-0.0042253341525793076;-0.018143823370337486;-0.9890772700309753;0.1462153196334839
473;0.09926827996969223;-1.656373381614685;-1.9900486469268799;0.023503193034704634;-0.009604453954916655;-2.8359268296765667;-0.0029569193720817566;-0.01234524603933096;-0.9882556200027466;0.15228217840194702
474;0.16039632260799408;-1.6405788660049438;-2.0098845958709717;0.018428983132081602;-0.007712006324663691;-2.8280594350249193;-0.0023699626326560974;-0.00970329251140356;-0.9876824617385864;0.156152606010437
475;0.19641177356243134;-1.6191706657409668;-2.017068862915039;0.013086075269351245;-0.005591630714132197;-2.819396229301889;-0.0017100449185818434;-0.006906690075993538;-0.9870238304138184;0.16041630506515503
476;0.25020915269851685;-1.6032263040542603;-2.033167600631714;0.010034441660227026;-0.004351139395143616;-2.8138429345589535;-0.0013278778642416;-0.005304893013089895;-0.9865860342979431;0.16315071284770966
477;0.28760579228401184;-1.5839579105377197;-2.0646004676818848;0.007483101292693892;-0.0031977893359439137;-2.8067361025925344;-0.0009530084789730608;-0.003955666907131672;-0.9860074520111084;0.1666516661643982
478;0.32764631509780884;-1.5663105249404907;-2.068732261657715;0.06250215542308786;-0.002504944370208399;-2.792400325550484;0.004194923210889101;-0.030988387763500214;-0.9843083620071411;0.17366404831409454
479;0.3559069037437439;-1.548022747039795;-2.075279474258423;0.17773097627872986;-0.007252812992754137;-2.764264864106876;0.013096394017338753;-0.0878506526350975;-0.9783129692077637;0.18712151050567627
480;0.4057392477989197;-1.5375984907150269;-2.1244988441467285;0.26926719686857453;-0.011929870578711109;-2.731096264878178;0.02156953327357769;-0.1326122283935547;-0.9699705243110657;0.20274604856967926
481;0.43512868881225586;-1.5285178422927856;-2.1790804862976074;0.3563826756876356;-0.024831284086612906;-2.674311180007752;0.02914711833000183;-0.17524956166744232;-0.9568427205085754;0.22997817397117615
482;0.4636331796646118;-1.5263161659240723;-2.2038869857788086;0.4105367178295005;-0.042540317333386854;-2.605502383985516;0.03389299660921097;-0.20202142000198364;-0.9426847696304321;0.26340848207473755
483;0.495527446269989;-1.5309902429580688;-2.1973354816436768;0.3860752701715993;-0.05937790547385991;-2.535205808023604;0.029448222368955612;-0.19170832633972168;-0.9345480799674988;0.2983297109603882
484;0.5374064445495605;-1.5389409065246582;-2.235966682434082;0.2874062117397938;-0.06860194512297797;-2.4737906985053097;0.014840185642242432;-0.14634360373020172;-0.9328731894493103;0.32880210876464844
485;0.5510894060134888;-1.5507105588912964;-2.246563196182251;0.22141466821920558;-0.06633029381568495;-2.418548407942429;0.008229799568653107;-0.11493945121765137;-0.927826464176178;0.3547664284706116
486;0.5838317275047302;-1.5713914632797241;-2.231344699859619;0.15136242851411552;-0.0566155771782734;-2.3579443478757907;0.0027775242924690247;-0.08062855154275894;-0.9203819632530212;0.38260704278945923
487;0.5918895602226257;-1.5956342220306396;-2.211866855621338;0.10275436622656219;-0.04497920988663455;-2.3090039861214287;0.00022122822701931;-0.05603815242648125;-0.9126888513565063;0.40479448437690735
488;0.6204119920730591;-1.6115964651107788;-2.2632253170013428;0.08107620166269312;-0.03891991784265493;-2.278368689769199;-0.0007090307772159576;-0.04493699595332146;-0.9070445895195007;0.41862887144088745
489;0.6219615936279297;-1.6379575729370117;-2.23671817779541;0.056991804292336315;-0.029720784681235776;-2.246638720599139;-0.0010644029825925827;-0.03211105987429619;-0.900892972946167;0.43285059928894043
490;0.6247640252113342;-1.6620876789093018;-2.2563865184783936;0.04136867461457417;-0.02307832013947458;-2.2207701353343974;-0.0011460185050964355;-0.023653749376535416;-0.8955125212669373;0.444405734539032
491;0.6180243492126465;-1.6887539625167847;-2.247584104537964;0.029622126588253923;-0.017426607630567414;-2.1995270468577943;-0.0010426156222820282;-0.01715083047747612;-0.8909099102020264;0.4538547694683075
492;0.6119884252548218;-1.7125879526138306;-2.2369580268859863;0.02224209476369001;-0.013532042776725275;-2.1840875331106053;-0.0008819662034511566;-0.012986984103918076;-0.8874604105949402;0.4607000946998596
493;0.5875166058540344;-1.7387269735336304;-2.1751859188079834;0.016154218001639735;-0.010158895440250091;-2.171909701237455;-0.0007294761016964912;-0.00951332412660122;-0.884689450263977;0.46608319878578186
494;0.5694820880889893;-1.7665871381759644;-2.180366277694702;0.011730986940738293;-0.007570265413499031;-2.1587055530982058;-0.0005692215636372566;-0.00695742666721344;-0.8816205859184265;0.4719071090221405
495;0.545023500919342;-1.7876070737838745;-2.1873836517333984;0.009150695032811395;-0.006020306266010339;-2.1489986341302445;-0.0004683148581534624;-0.005456643644720316;-0.8793320655822754;0.476177453994751
496;0.5169166326522827;-1.8106231689453125;-2.167417049407959;0.006991348554862358;-0.004768728608967472;-2.133467000343514;-0.00039944343734532595;-0.004212502855807543;-0.8756155967712402;0.4829899072647095
497;0.4587205648422241;-1.8462237119674683;-2.135668992996216;0.004571859976380601;-0.00335192614255978;-2.1010596407013975;-0.0003178472397848964;-0.0028166044503450394;-0.8676813244819641;0.4971126914024353
498;0.42544275522232056;-1.8641066551208496;-2.1222455501556396;0.0036879772417328306;-0.002796291741738584;-2.086550958163351;-0.00027982727624475956;-0.0022971252910792828;-0.8640540838241577;0.5033935904502869
499;0.3495481312274933;-1.9001212120056152;-2.082059621810913;0.0070677799576037365;-0.0019307131072023123;-2.063230759702121;0.0009860165882855654;-0.003528170520439744;-0.8581219911575317;0.5134328007698059
