0,112.4088249206543,279.1305592060089,275.15091705322266,144.07738065719604,249.98428344726562,351.16924953460693,0.97644573
1,112.4088134765625,279.1301794052124,275.1529541015625,144.0769557952881,249.98529052734375,351.16865730285645,0.97644025
2,112.41348266601562,279.13366198539734,275.1504364013672,144.07230806350708,249.98870086669922,351.1698160171509,0.9764349
3,114.00812530517578,278.6276321411133,273.27113342285156,144.72938919067383,250.64369201660156,350.9923267364502,0.97579473
4,114.81748580932617,279.090847492218,272.56446075439453,144.19450092315674,251.09971618652344,351.1880979537964,0.9753087
5,114.65839004516602,279.0868628025055,272.8494186401367,144.2222456932068,251.08309936523438,351.1979856491089,0.97494966
6,114.87850570678711,279.1352198123932,272.82483673095703,144.1445345878601,251.29092407226562,351.20748710632324,0.9746833
7,114.67476654052734,279.2237069606781,273.04481506347656,144.0741105079651,251.19717407226562,351.26076221466064,0.97469556
8,114.6207389831543,279.22699642181396,273.09207916259766,144.0597038269043,251.16677856445312,351.2568483352661,0.9747823
9,114.6394271850586,279.2440810203552,273.06298828125,144.04793643951416,251.1709213256836,351.2680492401123,0.97478604,890.0251293182373,960.4166164398193,139.4974708557129,43.15309524536133,959.7738647460938,981.9931640625,0.8716316
10,114.6412124633789,279.24543929100037,273.0593719482422,144.04743432998657,251.1708984375,351.26915645599365,0.9747839,889.7305526733398,948.3679302334785,141.2021026611328,51.05442273616791,960.3316040039062,973.8951416015625,0.8536759
11,114.64245986938477,279.2469713687897,273.05687713623047,144.04596662521362,251.1708984375,351.2699546813965,0.9747805,888.7735633850098,927.9448456764221,142.74932098388672,56.64766216278076,960.1482238769531,956.2686767578125,0.91607684
12,114.64279174804688,279.2469971179962,273.0588684082031,144.0460181236267,251.17222595214844,351.27000617980957,0.97478604,889.7187080383301,913.4174169301987,140.31758880615234,51.28180432319641,959.8775024414062,939.0583190917969,0.90758455
13,114.64171600341797,279.246346950531,273.05982971191406,144.0470609664917,251.171630859375,351.26987743377686,0.9747883,890.9131336212158,900.1984952688217,138.29092025756836,56.232449769973755,960.05859375,928.3147201538086,0.933966
14,114.64116668701172,279.24639201164246,273.0596923828125,144.047691822052,251.17101287841797,351.27023792266846,0.9747917,889.3210773468018,888.7599542140961,141.64550399780273,54.4281964302063,960.1438293457031,915.9740524291992,0.87088
15,114.63965606689453,279.24659156799316,273.0614776611328,144.0465202331543,251.17039489746094,351.2698516845703,0.9747925,888.830394744873,881.2083106040955,141.2837905883789,53.62485980987549,959.4722900390625,908.0207405090332,0.9044266
16,114.63847732543945,279.2457675933838,273.0640640258789,144.04693222045898,251.1705093383789,351.2692337036133,0.97479874,890.5379047393799,870.7730745077133,138.67223739624023,56.374688386917114,959.8740234375,898.9604187011719,0.9345626
17,114.63711547851562,279.24511098861694,273.06394958496094,144.04834842681885,251.1690902709961,351.26928520202637,0.9747986,890.7866878509521,871.2039231061935,138.1479377746582,48.368513345718384,959.8606567382812,895.3881797790527,0.89148533
18,114.63566207885742,279.2434630393982,273.06397247314453,144.05123233795166,251.1676483154297,351.269079208374,0.9747994,891.0524654388428,858.0591173171997,138.6481819152832,55.1037654876709,960.3765563964844,885.6110000610352,0.9310204
19,114.6320915222168,279.2411971092224,273.0667190551758,144.05457973480225,251.1654510498047,351.26848697662354,0.9748028,891.3774261474609,845.6657538414001,137.36068725585938,55.96350574493408,960.0577697753906,873.6475067138672,0.94629616
20,114.62459564208984,279.23835825920105,273.07667541503906,144.05582857131958,251.16293334960938,351.26627254486084,0.9748106,890.7318592071533,829.3328937292099,138.0193748474121,56.190993547439575,959.7415466308594,857.4283905029297,0.937333
21,114.62506484985352,279.23441219329834,273.0809097290039,144.06166076660156,251.16551971435547,351.2652425765991,0.97482115,891.5335350036621,809.1914588212967,135.44593048095703,54.69371581077576,959.2565002441406,836.5383167266846,0.9317611
22,114.64060592651367,279.2338135242462,273.0750503540039,144.06095266342163,251.17813110351562,351.26428985595703,0.9748189,892.958667755127,787.0867949724197,134.0943832397461,56.538285970687866,960.005859375,815.3559379577637,0.9293313
23,114.64363861083984,279.2366008758545,273.0710906982422,144.06196975708008,251.17918395996094,351.26758575439453,0.97481525,892.6312294006348,767.9978363513947,133.03960418701172,52.792272090911865,959.1510314941406,794.3939723968506,0.9264197
24,114.62079620361328,279.2456388473511,273.0915985107422,144.0497646331787,251.16659545898438,351.27052116394043,0.9748106,890.7801189422607,749.853670835495,137.23163223266602,56.801912784576416,959.3959350585938,778.2546272277832,0.96001434
25,114.61443328857422,279.2460765838623,273.08990478515625,144.05331802368164,251.15938568115234,351.2727355957031,0.9748106,892.7087688446045,733.3408817052841,134.86279678344727,57.07738423347473,960.1401672363281,761.8795738220215,0.9508228
26,114.58625793457031,279.24016070365906,273.1197509765625,144.0575795173645,251.14613342285156,351.2689504623413,0.97483337,893.9120121002197,720.2600240707397,131.84748458862305,58.149587631225586,959.8357543945312,749.3348178863525,0.9455013
27,114.58066177368164,279.23244881629944,273.1211471557617,144.0657935142517,251.1412353515625,351.2653455734253,0.9748157,892.729642868042,706.3066384792328,133.04803848266602,57.22373628616333,959.253662109375,734.9185066223145,0.95191574
28,114.55832290649414,279.2242798805237,273.1332778930664,144.066424369812,251.12496185302734,351.2574920654297,0.97482264,892.9979438781738,694.5889341831207,133.48482513427734,57.70527219772339,959.7403564453125,723.4415702819824,0.9631084
29,114.58565139770508,279.22120928764343,273.1047592163086,144.05588006973267,251.13803100585938,351.24914932250977,0.9748172,893.4278469085693,682.8554939031601,132.80922317504883,60.25277638435364,959.8324584960938,712.9818820953369,0.9594741
30,114.55746459960938,279.21587920188904,273.12615966796875,144.07544946670532,251.12054443359375,351.2536039352417,0.9748614,893.7493801116943,667.4691038131714,130.18422317504883,54.8895320892334,958.8414916992188,694.9138698577881,0.93847567
31,114.57416152954102,279.2176365852356,273.10411834716797,144.07950496673584,251.126220703125,351.2573890686035,0.97488314,894.193416595459,647.5301767587662,129.77149200439453,54.065409421920776,959.0791625976562,674.5628814697266,0.94260716
32,114.57243347167969,279.22292160987854,273.1022644042969,144.0775866508484,251.12356567382812,351.26171493530273,0.97487044,894.2417106628418,646.1003651618958,129.8821792602539,58.703890800476074,959.1828002929688,675.4523105621338,0.9443328
33,114.57247924804688,279.2228829860687,273.1022644042969,144.07766389846802,251.1236114501953,351.26171493530273,0.9748707,894.2417736053467,646.1003329753876,129.88205337524414,58.70374917984009,959.1828002929688,675.4522075653076,0.94433385
34,114.57245635986328,279.2228636741638,273.1022644042969,144.07770252227783,251.12358856201172,351.26171493530273,0.9748707,894.2414302825928,646.1002943515778,129.8818244934082,58.70413541793823,959.1823425292969,675.4523620605469,0.9443378
35,114.57245635986328,279.2228379249573,273.1022644042969,144.07770252227783,251.12358856201172,351.2616891860962,0.9748708,894.2412815093994,646.100114107132,129.88212203979492,58.70367193222046,959.1823425292969,675.4519500732422,0.9443299
36,114.5723991394043,279.2228572368622,273.10233306884766,144.0777153968811,251.12356567382812,351.26171493530273,0.9748707,894.241189956665,646.1002171039581,129.88212203979492,58.70367193222046,959.1822509765625,675.4520530700684,0.9443309
37,123.06581497192383,290.5953290462494,264.00501251220703,123.30752992630005,255.06832122802734,352.2490940093994,0.9642371,894.886568069458,645.917523264885,129.40893173217773,58.62359833717346,959.5910339355469,675.2293224334717,0.9424229
38,120.70579147338867,289.64109885692596,271.2399673461914,101.47898125648499,256.3257751464844,340.38058948516846,0.9594981,898.4178657531738,641.3349208831787,122.85994720458984,68.3865966796875,959.8478393554688,675.5282192230225,0.95672065
39,899.6911067962646,634.4049146175385,122.2324104309082,78.6050534248352,960.8073120117188,673.707441329956,0.9632033,124.0638313293457,277.1131056547165,268.08496856689453,89.788738489151,258.10631561279297,322.007474899292,0.91342956
40,904.1969604492188,638.5937762260437,123.7152099609375,73.01246738433838,966.0545654296875,675.1000099182129,0.96226126,131.35613250732422,248.90202391147614,261.98826599121094,103.26946520805359,262.3502655029297,300.53675651550293,0.9593195
41,123.59357070922852,217.25681233406067,269.4074020385742,122.70785665512085,258.2972717285156,278.6107406616211,0.97095597,909.4023857116699,642.726066827774,126.97061920166016,65.80525159835815,972.8876953125,675.6286926269531,0.9576385
42,120.98688125610352,190.01906991004944,273.3113021850586,138.6005244255066,257.6425323486328,259.31933212280273,0.97471935,914.4120140075684,644.9652564525604,128.01898956298828,60.794893741607666,978.4215087890625,675.3627033233643,0.9526027
43,117.47373962402344,161.7608027458191,273.0392761230469,152.67108821868896,253.99337768554688,238.09634685516357,0.9822709,922.9468460083008,644.9765088558197,127.68186950683594,60.70039415359497,986.7877807617188,675.3267059326172,0.940495
44,116.15205001831055,141.92342734336853,273.3087387084961,154.82687616348267,252.8064193725586,219.33686542510986,0.9778827,930.4008636474609,645.4809422492981,128.90542602539062,59.59172344207764,994.8535766601562,675.2768039703369,0.9556141
45,112.8607406616211,121.61800861358643,278.37767028808594,159.90283012390137,252.04957580566406,201.5694236755371,0.9800069,938.4932041168213,645.7925848960876,129.96763229370117,58.27557849884033,1003.4770202636719,674.9303741455078,0.9463821
46,109.72049331665039,105.76954579353333,278.8535842895508,160.97084283828735,249.14728546142578,186.254967212677,0.98105717,947.6415309906006,645.8726391792297,130.33089065551758,58.959425926208496,1012.8069763183594,675.352352142334,0.94370216
47,106.86043167114258,83.11405491828918,280.02294158935547,169.3614535331726,246.8719024658203,167.7947816848755,0.9760602,956.9594020843506,646.2107166051865,128.95412063598633,57.705458879470825,1021.4364624023438,675.0634460449219,0.949905
48,102.24362182617188,67.8855493068695,281.6992950439453,170.53178071975708,243.09326934814453,153.15143966674805,0.9792883,963.7378520965576,646.0664244890213,129.56262588500977,58.659093618392944,1028.5191650390625,675.3959712982178,0.9333559
49,99.03745651245117,51.668010234832764,284.2460403442383,172.35027980804443,241.1604766845703,137.84315013885498,0.9800306,973.9487686157227,645.7999813556671,128.89329528808594,59.41568899154663,1038.3954162597656,675.5078258514404,0.95035857
50,93.3742561340332,36.84349036216736,287.3700942993164,173.54242944717407,237.0593032836914,123.6147050857544,0.9750013,981.4626960754395,646.7318547964096,130.94588470458984,57.65380597114563,1046.9356384277344,675.5587577819824,0.95144415
51,88.37920761108398,24.781866788864136,290.5568161010742,176.7799801826477,233.6576156616211,113.17185688018799,0.969399,990.5419464111328,646.3854990005493,130.97506713867188,58.24753761291504,1056.0294799804688,675.5092678070068,0.9428684
52,81.55851745605469,12.615373134613037,290.4174499511719,176.21212005615234,226.76724243164062,100.72143316268921,0.97443515,998.4539966583252,646.106776714325,130.8548240661621,58.838868141174316,1063.8814086914062,675.5262107849121,0.9531997
53,73.84136581420898,16.898605585098267,299.0225601196289,162.7701072692871,223.35264587402344,98.28365921974182,0.9774745,1006.2109336853027,646.3674423694611,131.94202423095703,58.16530752182007,1072.1819458007812,675.4500961303711,0.93381816
54,68.05026626586914,2.58363676071167,295.5304183959961,165.78926610946655,215.8154754638672,85.47826981544495,0.9800964,1016.7052059173584,645.8405267000198,131.33732986450195,59.68746542930603,1082.3738708496094,675.6842594146729,0.9499837
55,60.850032806396484,1.8316247463226318,295.57779693603516,156.43287992477417,208.63893127441406,80.04806470870972,0.9788752,1025.9966983795166,646.2406629323959,133.5780143737793,59.10564923286438,1092.7857055664062,675.7934875488281,0.9603467
56,49.95072555541992,0.5651693344116211,302.7022018432617,152.92793655395508,201.30182647705078,77.02913761138916,0.9784801,1034.1000881195068,646.8184461593628,131.95650100708008,57.6884708404541,1100.0783386230469,675.6626815795898,0.9298462
57,41.17577362060547,1.1002893447875977,304.0978088378906,146.22277879714966,193.22467803955078,74.21167874336243,0.9681819,1044.1627407073975,645.9304493665695,132.81032180786133,58.70136094093323,1110.5679016113281,675.2811298370361,0.9436848
58,18.573017120361328,0.9197423458099365,322.80892181396484,142.5613832473755,179.97747802734375,72.20043396949768,0.9683007,1053.401762008667,646.1914594173431,133.73285293579102,58.70122575759888,1120.2681884765625,675.5420722961426,0.9480244
59,10.714794158935547,1.1122369766235352,326.04027557373047,140.1164059638977,173.73493194580078,71.17043995857239,0.9665354,1061.7869911193848,645.9866952896118,134.21111297607422,59.832658767700195,1128.8925476074219,675.9030246734619,0.94881046
60,4.389472961425781,0.5361113548278809,327.64393615722656,136.11930513381958,168.21144104003906,68.59576392173767,0.9653985,1068.2111549377441,646.5682314634323,135.68547821044922,58.22896599769592,1136.0538940429688,675.6827144622803,0.94688314
61,4.200199127197266,0.6856756210327148,322.00328063964844,139.1619472503662,165.20183944702148,70.26664924621582,0.9692318,1077.3901290893555,646.496593952179,136.1568145751953,57.64292049407959,1145.4685363769531,675.3180541992188,0.9510075
62,23.273826599121094,1.5019898414611816,290.1089630126953,141.99842834472656,168.32830810546875,72.50120401382446,0.95888984,1084.7100276947021,646.3572875261307,136.03874588012695,58.67052626609802,1152.7294006347656,675.6925506591797,0.9457167
63,17.12881851196289,-0.5575025081634521,282.2165222167969,149.9167342185974,158.23707962036133,74.40086460113525,0.9722792,1093.7399253845215,646.3441908359528,136.61450958251953,59.13867902755737,1162.0471801757812,675.9135303497314,0.95649356
64,11.840904235839844,1.695565938949585,283.25445556640625,150.07476997375488,153.46813201904297,76.73295092582703,0.97473645,1102.009901046753,646.3909868001938,136.55295181274414,57.82035183906555,1170.286376953125,675.3011627197266,0.9400533
65,5.648826599121094,3.3209781646728516,314.8049011230469,154.8184175491333,163.05127716064453,80.7301869392395,0.9723523,1111.9804401397705,645.9393392801285,137.48717880249023,59.039332151412964,1180.7240295410156,675.459005355835,0.95142955
66,7.920066833496094,4.335303783416748,274.2318420410156,162.47458362579346,145.0359878540039,85.57259559631348,0.97282,1120.9604587554932,645.836229801178,138.27164840698242,58.541258811950684,1190.0962829589844,675.1068592071533,0.95792264
67,7.543235778808594,5.269150257110596,270.0304870605469,174.21660804748535,142.55847930908203,92.37745428085327,0.97673106,1129.759334564209,646.6685922145844,137.14350128173828,56.615952014923096,1198.3310852050781,674.9765682220459,0.9285423
68,4.312202453613281,8.87533950805664,273.9920654296875,192.22056913375854,141.30823516845703,104.98562407493591,0.9701816,1136.4026069641113,647.1420686244965,138.2706527709961,57.933178424835205,1205.5379333496094,676.1086578369141,0.93616444
69,4.152179718017578,13.662207126617432,272.67249298095703,209.4705934524536,140.4884262084961,118.39750385284424,0.9683179,1145.8586082458496,646.0251710414886,139.73426055908203,58.38945436477661,1215.7257385253906,675.219898223877,0.9476019
70,3.8294105529785156,43.26660418510437,273.83921813964844,207.95083665847778,140.74901962280273,147.24202251434326,0.9681825,1153.6421527862549,645.7891699075699,141.63396835327148,59.3373019695282,1224.4591369628906,675.457820892334,0.94861436
71,4.6627349853515625,72.50903177261353,271.8383331298828,203.04596042633057,140.58190155029297,174.0320119857788,0.97002953,1161.3397064208984,646.0224802494049,142.07876586914062,58.34488248825073,1232.3790893554688,675.1949214935303,0.9567514
72,2.8470726013183594,105.0951418876648,272.74852752685547,200.48813724517822,139.2213363647461,205.3392105102539,0.9735165,1169.5463047027588,646.1054184436798,141.41703414916992,58.503549098968506,1240.2548217773438,675.3571929931641,0.9541298
73,3.564239501953125,113.87566637992859,275.14137268066406,199.12678956985474,141.13492584228516,213.43906116485596,0.9707916,1177.708969116211,646.5912705659866,140.24057006835938,57.39094519615173,1247.8292541503906,675.2867431640625,0.94731224
74,3.4711990356445312,117.62507271766663,277.5039367675781,199.14041090011597,142.2231674194336,217.1952781677246,0.9727312,1185.8658428192139,646.6885221004486,141.16986465454102,58.199631214141846,1256.4507751464844,675.7883377075195,0.9512397
75,2.8382720947265625,125.5343406200409,280.91173553466797,197.246479511261,143.29413986206055,224.1575803756714,0.97486264,1195.9139041900635,646.1748962402344,142.1169548034668,58.69778823852539,1266.9723815917969,675.5237903594971,0.9480336
76,2.20294189453125,131.51565599441528,284.8924255371094,193.6935911178589,144.64915466308594,228.36245155334473,0.9781246,1204.0201320648193,646.2404440641403,143.16402053833008,58.17808556556702,1275.6021423339844,675.3294868469238,0.94896805
77,2.2165260314941406,139.44592881202698,289.1423034667969,191.5355372428894,146.78767776489258,235.21369743347168,0.9804684,1212.5717010498047,645.8492460250854,144.83633422851562,58.81020927429199,1284.9898681640625,675.2543506622314,0.96265626
78,2.525676727294922,147.69294905662537,292.12076568603516,190.7154507637024,148.5860595703125,243.05067443847656,0.98181677,1220.7322082519531,646.0755751132965,142.20977783203125,57.43439054489136,1291.8370971679688,674.7927703857422,0.9451671
79,0.3428306579589844,155.11535739898682,297.7562484741211,186.44954109191895,149.22095489501953,248.3401279449463,0.9835202,1229.5500526428223,647.0593653917313,142.53856658935547,57.25607085227966,1300.8193359375,675.6874008178711,0.93495595
80,-3.4341773986816406,162.0633237361908,307.4541320800781,187.85208749771118,150.29288864135742,255.9893674850464,0.9843337,1238.8060970306396,646.1888844966888,144.37773513793945,58.45207643508911,1310.9949645996094,675.4149227142334,0.94933134
81,-0.2271881103515625,173.97901368141174,306.8668212890625,181.1750864982605,153.2062225341797,264.566556930542,0.98210746,1245.6593227386475,645.9351003170013,146.87245559692383,58.49852800369263,1319.0955505371094,675.1843643188477,0.9517319
82,0.30548858642578125,182.02668356895447,310.1027526855469,178.32673501968384,155.35686492919922,271.1900510787964,0.98121166,1254.46164894104,645.9150159358978,147.66587448120117,58.380287647247314,1328.2945861816406,675.1051597595215,0.9583303
83,-1.9816703796386719,190.52623915672302,314.79322814941406,175.6344494819641,155.41494369506836,278.3434638977051,0.9869069,1265.0638732910156,646.678318977356,144.8873291015625,56.65015983581543,1337.5075378417969,675.0033988952637,0.94983107
84,3.3118629455566406,199.29135918617249,313.7648391723633,171.32354307174683,160.19428253173828,284.9531307220459,0.98795974,1272.952657699585,646.4600880146027,145.57588577270508,56.65465307235718,1345.7406005859375,674.7874145507812,0.94380355
85,10.824943542480469,208.06283283233643,310.01646423339844,169.1520481109619,165.8331756591797,292.6388568878174,0.98578715,1279.985704421997,646.2095353603363,149.33291244506836,57.80340242385864,1354.6521606445312,675.1112365722656,0.9552978
86,18.88446807861328,216.4447853565216,305.60032653808594,165.07117223739624,171.68463134765625,298.9803714752197,0.9819433,1290.6608390808105,645.8913331031799,147.8232192993164,58.60429286956787,1364.5724487304688,675.1934795379639,0.9551579
87,22.520244598388672,222.04530215263367,305.7224578857422,164.6510739326477,175.38147354125977,304.3708391189575,0.9807967,1298.6477737426758,645.7575370073318,148.50535583496094,58.95016264915466,1372.9004516601562,675.2326183319092,0.96064913
88,27.465030670166016,225.66724348068237,303.11917877197266,163.52484226226807,179.02462005615234,307.4296646118164,0.9818972,1306.031930923462,645.7159037590027,150.16086959838867,58.54306125640869,1381.1123657226562,674.987434387207,0.964774
89,33.0197868347168,233.93333101272583,300.26641845703125,159.76159572601318,183.15299606323242,313.8141288757324,0.9802713,1315.1213550567627,646.4923099279404,149.6007957458496,56.493598222732544,1389.9217529296875,674.7391090393066,0.93699116
90,38.36690139770508,239.74825501441956,296.70728302001953,157.61466550827026,186.72054290771484,318.5555877685547,0.977812,1323.2416076660156,646.7089154720306,150.8074951171875,57.67754030227661,1398.6453552246094,675.547685623169,0.9551993
91,45.565670013427734,243.7752571105957,291.4801483154297,156.64864540100098,191.30574417114258,322.0995798110962,0.9623145,1333.8807907104492,646.2979838848114,149.13111877441406,58.22326898574829,1408.4463500976562,675.4096183776855,0.95658463
92,50.22935485839844,252.69035983085632,289.36289978027344,156.43306016921997,194.91080474853516,330.9068899154663,0.96856683,1341.557710647583,645.7837207317352,150.74200057983398,58.83496713638306,1416.9287109375,675.2012042999268,0.9619544
93,61.772987365722656,262.42950797080994,277.3905487060547,143.54583978652954,200.46826171875,334.2024278640747,0.97237,1349.5270557403564,645.5268337726593,152.89944076538086,58.99474096298218,1425.9767761230469,675.0242042541504,0.9663045
94,67.22327041625977,259.33984780311584,272.9021987915039,137.2245898246765,203.67436981201172,327.9521427154541,0.9729192,1358.6715717315674,645.8081889152527,151.39037704467773,58.238396644592285,1434.3667602539062,674.9273872375488,0.95757884
95,88.07057189941406,242.70775938034058,257.2635498046875,138.41962337493896,216.7023468017578,311.91757106781006,0.9736188,1366.0040874481201,646.400578379631,153.35113906860352,57.31296372413635,1442.6796569824219,675.0570602416992,0.9528841
96,107.54217910766602,211.0508415699005,250.8047103881836,146.74479246139526,232.9445343017578,284.42323780059814,0.9798994,1373.5099067687988,646.037057518959,155.06490325927734,58.43747019767761,1451.0423583984375,675.2557926177979,0.9616452
97,120.76362991333008,185.92777848243713,250.77738189697266,146.74324750900269,246.1523208618164,259.2994022369385,0.97516406,1383.9222106933594,645.8226696252823,153.1435546875,58.50369715690613,1460.4939880371094,675.0745182037354,0.9581908
98,140.9944610595703,163.16360664367676,248.8472900390625,142.10899543762207,265.41810607910156,234.2181043624878,0.97606975,1392.7229690551758,645.604651093483,154.5469207763672,58.579657316207886,1469.9964294433594,674.8944797515869,0.9693933
99,159.95515823364258,137.13998436927795,247.02005767822266,144.56471014022827,283.4651870727539,209.4223394393921,0.9737525,1401.120460510254,645.5719882249832,155.7909393310547,59.063459157943726,1479.0159301757812,675.1037178039551,0.966924
100,178.8999366760254,110.40726113319397,249.85009002685547,149.93594312667847,303.8249816894531,185.3752326965332,0.9751946,1409.6477851867676,646.4829629659653,154.99715423583984,57.26591992378235,1487.1463623046875,675.1159229278564,0.9301174
101,203.60836029052734,84.11851859092712,240.91268920898438,153.08244466781616,324.06470489501953,160.6597409248352,0.973313,1417.8710632324219,646.2747291326523,156.4376220703125,57.607096910476685,1496.0898742675781,675.0782775878906,0.95681
102,217.42190551757812,61.668126583099365,243.2471923828125,155.59138298034668,339.0455017089844,139.4638180732727,0.9733471,1426.3156070709229,646.0916587114334,156.8129997253418,58.033387899398804,1504.7221069335938,675.1083526611328,0.95631677
103,238.09732818603516,41.65913271903992,238.9691619873047,161.36807584762573,357.5819091796875,122.34317064285278,0.97361153,1436.62038230896,645.8580683469772,157.20985794067383,58.42054009437561,1515.2253112792969,675.068338394165,0.965225
104,1444.2465934753418,645.5364575386047,158.4319839477539,58.96333980560303,1523.4625854492188,675.0181274414062,0.9646005,253.36904525756836,23.37387442588806,235.29242706298828,159.21150255203247,371.0152587890625,102.9796257019043,0.9609091
105,276.6064453125,4.054714679718018,232.79928588867188,158.67151594161987,393.00608825683594,83.39047265052795,0.9691077,1452.9010162353516,646.4945983886719,156.74679565429688,56.38736343383789,1531.2744140625,674.6882801055908,0.9573382
106,292.3768844604492,-0.45116472244262695,233.9949188232422,153.49537181854248,409.3743438720703,76.29652118682861,0.9703443,1461.2529888153076,646.3270418643951,159.09241104125977,58.33705472946167,1540.7991943359375,675.495569229126,0.9578566
107,312.11084747314453,-0.13994050025939941,223.62391662597656,134.67389917373657,423.9228057861328,67.19700908660889,0.9658739,1469.2517166137695,646.1686102151871,159.45249938964844,58.35677218437195,1548.9779663085938,675.346996307373,0.9587271
108,1477.9060821533203,645.7325699329376,158.42367553710938,59.507665157318115,1557.117919921875,675.4864025115967,0.96575624,355.70893478393555,0.969592809677124,191.5854263305664,114.01690721511841,451.50164794921875,57.97804641723633,0.92016745
109,1486.7306213378906,645.5966945886612,159.69525146484375,59.41192317008972,1566.5782470703125,675.302656173706,0.96837115,355.76822662353516,0.2183983325958252,205.20423889160156,106.34919261932373,458.37034606933594,53.39299464225769,0.9251795
110,1494.7572383880615,645.7071490287781,159.91789627075195,59.76038074493408,1574.7161865234375,675.5873394012451,0.9665396,375.5628204345703,-1.0183650255203247,206.76800537109375,94.89588761329651,478.9468231201172,46.42957878112793,0.9280306
111,1501.0520668029785,646.7799446582794,161.97045135498047,55.385629177093506,1582.0372924804688,674.4727592468262,0.94502616,388.25244140625,-0.4427286386489868,211.05221557617188,83.05810189247131,493.77854919433594,41.08632230758667,0.90662974
112,1510.0621147155762,645.9235550165176,162.34000396728516,56.961010694503784,1591.2321166992188,674.4040603637695,0.9579421,421.3751220703125,-0.13459110260009766,206.21136474609375,67.64773607254028,524.4808044433594,33.689276933670044,0.86712515
113,1517.9043674468994,646.2040218114853,162.45420455932617,58.55374073982239,1599.1314697265625,675.4808921813965,0.96114475,438.6526794433594,-0.10025453567504883,203.253662109375,58.594971656799316,540.2795104980469,29.19723129272461,0.8731861
114,1527.799976348877,645.8915390968323,163.6208724975586,59.59471035003662,1609.6104125976562,675.6888942718506,0.9728636
115,1537.411657333374,645.2887727022171,162.60515213012695,60.13344168663025,1618.7142333984375,675.3554935455322,0.9737187
116,1544.2929954528809,645.6725710630417,163.96149444580078,59.15871834754944,1626.2737426757812,675.2519302368164,0.9547242
117,1552.1790618896484,646.0692890882492,165.70779418945312,58.93784165382385,1635.032958984375,675.5382099151611,0.95656073
118,1558.1607112884521,645.8356504440308,167.5330696105957,58.7167911529541,1641.92724609375,675.1940460205078,0.96004343
119,1567.7250709533691,645.7969139814377,164.10564422607422,58.004175424575806,1649.7778930664062,674.7990016937256,0.9601122
120,1580.870195388794,646.6386362314224,161.4316062927246,56.98506045341492,1661.5859985351562,675.1311664581299,0.9625906
121,1590.1023902893066,646.598261475563,156.98064422607422,57.55545687675476,1668.5927124023438,675.3759899139404,0.9655349
122,1601.5603122711182,647.3303693532944,149.32664108276367,56.54154324531555,1676.2236328125,675.6011409759521,0.94880766
123,1607.2389736175537,646.7963726520538,151.83955764770508,58.977540493011475,1683.1587524414062,676.2851428985596,0.9573263
124,1611.9726333618164,646.199856877327,161.6997528076172,59.132055044174194,1692.822509765625,675.7658843994141,0.9665136
125,1617.7549095153809,646.5719071626663,164.66608428955078,56.09545111656189,1700.0879516601562,674.6196327209473,0.9634862
126,1626.0933265686035,646.4985122680664,169.24706268310547,58.109161376953125,1710.7168579101562,675.553092956543,0.97647285
127,1637.2051677703857,646.718169093132,165.63129043579102,57.96380066871643,1720.0208129882812,675.7000694274902,0.9716421
128,1651.1471900939941,648.0458786487579,153.81621551513672,56.95530080795288,1728.0552978515625,676.5235290527344,0.95701504
129,1657.5348815917969,647.4631193876266,151.35699462890625,58.15810418128967,1733.21337890625,676.5421714782715,0.9654943
130,1661.1065082550049,646.4251881837845,161.35790634155273,60.27557730674744,1741.7854614257812,676.5629768371582,0.9734886
131,1669.4145069122314,646.5237046480179,166.5735740661621,58.08946967124939,1752.7012939453125,675.5684394836426,0.96956956
132,1680.6079845428467,646.4518482685089,164.42270278930664,59.22782278060913,1762.8193359375,676.0657596588135,0.97325766
133,1692.190034866333,646.7736811637878,158.48223495483398,59.021172523498535,1771.43115234375,676.2842674255371,0.97073066
134,1703.1638660430908,646.8874636888504,151.73818588256836,56.95305418968201,1779.032958984375,675.3639907836914,0.9549888
135,1708.0165042877197,646.518223285675,155.19233322143555,58.198073387145996,1785.6126708984375,675.617259979248,0.97034913
136,1714.714651107788,646.5040773153305,160.35927200317383,56.766900300979614,1794.894287109375,674.8875274658203,0.9615255
137,1720.7561416625977,645.851499080658,166.4374237060547,59.02457141876221,1803.974853515625,675.3637847900391,0.9760627
138,1728.5637874603271,645.7117999792099,167.5400276184082,59.3615448474884,1812.3338012695312,675.3925724029541,0.97384316,831.7937164306641,-0.10516619682312012,243.95809936523438,54.10397529602051,953.7727661132812,26.946821451187134,0.825393
139,1737.2439136505127,646.4781317710876,168.7309226989746,58.33212375640869,1821.609375,675.644193649292,0.955619
140,1742.1192054748535,645.7907502651215,173.53722381591797,58.83419466018677,1828.8878173828125,675.2078475952148,0.9716133,884.1308555603027,0.6223196983337402,185.86530303955078,77.27576351165771,977.0635070800781,39.2602014541626,0.87894493
141,1751.0220851898193,645.6485245227814,168.93336868286133,59.90389394760132,1835.48876953125,675.600471496582,0.9756398,919.2184066772461,-0.5081219673156738,179.5337677001953,93.11849069595337,1008.9852905273438,46.05112338066101,0.95663
142,1758.9003410339355,645.6437222957611,161.4653091430664,60.009594440460205,1839.6329956054688,675.6485195159912,0.9750598,956.569616317749,-1.154262900352478,177.32316970825195,109.35913324356079,1045.231201171875,53.52530372142792,0.94226664
143,1767.5420379638672,645.4877915382385,152.91970825195312,60.21382427215576,1844.0018920898438,675.5947036743164,0.9752661,988.2621116638184,2.592423677444458,174.20020294189453,125.5894889831543,1075.3622131347656,65.3871681690216,0.9514555
144,1776.0357570648193,644.6151766777039,144.47597122192383,61.68013858795166,1848.2737426757812,675.4552459716797,0.97232616,1022.068868637085,27.170292377471924,177.78963088989258,118.18406867980957,1110.9636840820312,86.26232671737671,0.9514533
145,1784.177822113037,644.4891536235809,135.93024444580078,61.363951206207275,1852.1429443359375,675.1711292266846,0.9712951,1058.4927921295166,52.77893400192261,175.18049240112305,115.85216903686523,1146.0830383300781,110.70501852035522,0.9489311
146,1792.8973274230957,645.6717567443848,126.8152084350586,58.90306091308594,1856.304931640625,675.1232872009277,0.96359146,1087.3380661010742,73.32753467559814,173.31715393066406,115.61213493347168,1173.9966430664062,131.13360214233398,0.9526648
147,1800.2354221343994,645.3338080644608,120.03782272338867,59.27398467063904,1860.2543334960938,674.9708003997803,0.96061766,1118.192190170288,96.12010788917542,174.42891311645508,110.73504209518433,1205.4066467285156,151.48762893676758,0.95950955
148,1143.7255783081055,113.44400990009308,172.9123077392578,107.16431593894958,1230.1817321777344,167.02616786956787,0.9617294,1810.3023719787598,644.4321126937866,108.05687713623047,60.52932929992676,1864.330810546875,674.69677734375,0.95975083
149,1173.2084827423096,130.28956246376038,171.3991355895996,107.77298212051392,1258.9080505371094,184.17605352401733,0.9604309,1817.7317390441895,644.5849599838257,101.5323715209961,60.52448844909668,1868.4979248046875,674.847204208374,0.93936
150,1198.4903755187988,141.60061275959015,169.85286712646484,104.89256644248962,1283.4168090820312,194.04689598083496,0.9626784,1826.223864555359,644.4367861747742,93.99526405334473,61.72010135650635,1873.2214965820312,675.2968368530273,0.91365266
151,1221.6224555969238,149.88831996917725,168.71358489990234,106.15342140197754,1305.979248046875,202.96503067016602,0.9652089,1834.2455806732178,644.996544957161,85.70927810668945,61.93727660179138,1877.1002197265625,675.9651832580566,0.92046285
152,1244.9266834259033,156.61617243289948,168.3947410583496,102.88381934165955,1329.1240539550781,208.05808210372925,0.9678343,1842.8888511657715,649.1319270730019,77.71167755126953,52.47350013256073,1881.7446899414062,675.3686771392822,0.90664995
153,1265.080083847046,162.8981033563614,170.4136848449707,98.26760458946228,1350.2869262695312,212.03190565109253,0.96229494,1849.7478818893433,648.067330956459,70.99007606506348,55.91229701042175,1885.242919921875,676.0234794616699,0.8978889
154,1294.0494689941406,167.06689989566803,166.0953369140625,99.58799815177917,1377.0971374511719,216.86089897155762,0.96780056,1858.6591987609863,648.7040090560913,61.608604431152344,54.44479179382324,1889.4635009765625,675.9264049530029,0.890219
155,1316.7902698516846,171.30742406845093,162.8096580505371,100.85585689544678,1398.1950988769531,221.73535251617432,0.9707555,1867.1243677139282,654.8621651530266,53.001874923706055,48.1541029214859,1893.6253051757812,678.9392166137695,0.8746645
156,1339.8934478759766,176.2548154592514,165.40621948242188,95.76772999763489,1422.5965576171875,224.13868045806885,0.9701966,1874.8147187232971,657.9927295446396,45.97883892059326,37.996604204177856,1897.8041381835938,676.9910316467285,0.83168775
157,1361.8972663879395,181.41971039772034,165.01595306396484,99.29971647262573,1444.4052429199219,231.0695686340332,0.9630828,1882.9361143112183,654.3560693264008,37.26351356506348,44.536484241485596,1901.56787109375,676.6243114471436,0.8705231
158,1389.1776752471924,190.93925321102142,162.66161727905273,91.16789174079895,1470.5084838867188,236.5231990814209,0.97249603,1889.792552947998,655.8604329228401,30.403907775878906,41.425790190696716,1904.9945068359375,676.5733280181885,0.82424456
159,1415.7380390167236,203.27355766296387,161.02190780639648,81.65608978271484,1496.2489929199219,244.1016025543213,0.96639633
160,1440.3874225616455,214.64443945884705,161.24987411499023,76.52817392349243,1521.0123596191406,252.90852642059326,0.9683755
161,1466.7793350219727,225.6722002029419,158.7905731201172,69.18106269836426,1546.1746215820312,260.262731552124,0.9591751
162,1494.6593971252441,233.6766757965088,158.56304168701172,69.18533706665039,1573.94091796875,268.269344329834,0.97040033
163,1522.2351093292236,240.84573447704315,157.61962509155273,69.40963196754456,1601.044921875,275.55055046081543,0.9593426
164,1549.5860710144043,246.2695151567459,157.3139419555664,70.79490065574646,1628.2430419921875,281.66696548461914,0.9581248
165,1581.6022624969482,254.28246223926544,157.83758926391602,68.51491141319275,1660.5210571289062,288.5399179458618,0.97428435
166,1612.9540214538574,260.7393879890442,160.29911041259766,70.33779430389404,1693.1035766601562,295.9082851409912,0.97100854
167,1644.9790649414062,265.9716557264328,164.12548828125,71.02462220191956,1727.0418090820312,301.4839668273926,0.955613
168,1680.8538608551025,271.1952556371689,167.03568649291992,73.75993466377258,1764.3717041015625,308.0752229690552,0.9757883
169,1718.323413848877,276.62921047210693,169.7710189819336,76.41221237182617,1803.2089233398438,314.83531665802,0.9695192
170,1751.009090423584,280.8440980911255,169.49329376220703,82.40209579467773,1835.7557373046875,322.04514598846436,0.966271
171,1789.460168838501,288.568879365921,130.64045333862305,84.92321348190308,1854.7803955078125,331.03048610687256,0.94631696
172,1827.6867198944092,291.5870758295059,91.97629165649414,92.12077975273132,1873.6748657226562,337.6474657058716,0.87296313
173,1865.8729648590088,314.97358667850494,54.14384078979492,66.3645179271698,1892.9448852539062,348.15584564208984,0.87100255
174
175
176
177
178
179
180
181
182
183
184
185
186
187
188
189
190
191
192
193
194
195
196
197
198
199
200
201,1888.5028767585754,651.2716555595398,31.50230312347412,38.25227451324463,1904.2540283203125,670.3977928161621,0.8691734
202,1881.2196707725525,651.0582557916641,38.43541431427002,43.647743940353394,1900.4373779296875,672.8821277618408,0.8744741
203,1872.3635330200195,652.5446963310242,47.81163024902344,44.208374977111816,1896.2693481445312,674.6488838195801,0.8964776
204,1864.3839197158813,649.2540813088417,55.064191818237305,49.81875693798065,1891.916015625,674.163459777832,0.8757284
205,1855.8591327667236,639.015380859375,64.56652450561523,58.96630096435547,1888.1423950195312,668.4985313415527,0.8980321
206,1846.7869176864624,638.0434159040451,73.3850269317627,60.41255021095276,1883.4794311523438,668.2496910095215,0.8934609
207,1837.6118001937866,639.2672917842865,82.14602851867676,61.564125537872314,1878.684814453125,670.0493545532227,0.92292637
208,1827.2844543457031,638.1158709526062,92.82073974609375,60.512566566467285,1873.69482421875,668.3721542358398,0.91973823
209,1820.5996284484863,638.4237155914307,99.76668548583984,61.66728973388672,1870.4829711914062,669.257360458374,0.94647723
210,1813.02494430542,636.7364312410355,106.34378814697266,61.29576086997986,1866.1968383789062,667.3843116760254,0.9612688
211,1803.8841762542725,637.5285315513611,115.68208694458008,58.84659290313721,1861.7252197265625,666.9518280029297,0.96257466
212,1796.5382595062256,637.1798132658005,123.41078567504883,61.243168115615845,1858.24365234375,667.8013973236084,0.9681124
213,1786.5765209197998,637.267122387886,133.1122169494629,60.62082266807556,1853.1326293945312,667.5775337219238,0.97264594
214,1777.7257919311523,635.9662531614304,142.2315216064453,60.655983209609985,1848.841552734375,666.2942447662354,0.97453713
215,1768.6957683563232,636.0591723918915,151.16376113891602,62.27815103530884,1844.2776489257812,667.1982479095459,0.97578764
216,1759.5245418548584,635.860578417778,160.0140266418457,62.63208031654358,1839.5315551757812,667.1766185760498,0.97540194
217,1752.16450881958,636.1546182632446,167.37398529052734,62.53838539123535,1835.8515014648438,667.4238109588623,0.9737282
218,1742.8648681640625,635.7829381227493,176.7579345703125,61.51514410972595,1831.2438354492188,666.5405101776123,0.9758959
219,1733.5736618041992,636.1031874418259,183.68019104003906,59.887523889541626,1825.4137573242188,666.0469493865967,0.973181
220,1726.3402118682861,635.5150498151779,179.48461532592773,61.22735810279846,1816.08251953125,666.1287288665771,0.97232604
221,1720.322645187378,646.2165681123734,179.41171646118164,59.85318732261658,1810.0285034179688,676.1431617736816,0.96811044
222,1715.1454811096191,660.802595615387,179.50664520263672,61.140074729919434,1804.8988037109375,691.3726329803467,0.9743062
223,1707.7570037841797,670.5879507064819,178.52517700195312,58.36464500427246,1797.0195922851562,699.7702732086182,0.96463317
224,1699.5176010131836,675.3578785657883,180.3727569580078,59.25465989112854,1789.7039794921875,704.9852085113525,0.9695123
225,1691.0932788848877,675.2992604970932,179.9098777770996,55.97186779975891,1781.0482177734375,703.2851943969727,0.96887904
226,1681.6424961090088,669.3652110099792,179.74686813354492,57.65656757354736,1771.5159301757812,698.1934947967529,0.9694537
227,1671.2641468048096,659.3814969062805,176.28127670288086,59.93964672088623,1759.40478515625,689.3513202667236,0.9661806
228,1658.5135231018066,643.6771845817566,176.72234344482422,61.77365970611572,1746.8746948242188,674.5640144348145,0.97264254
229,1648.4624061584473,632.3061321973801,176.95543670654297,62.790849924087524,1736.9401245117188,663.7015571594238,0.97338223
230,1639.1094989776611,632.7846940755844,176.02978134155273,62.56757855415344,1727.1243896484375,664.0684833526611,0.9657516
231,1631.6338863372803,634.100710272789,172.39067459106445,62.00959324836731,1717.8292236328125,665.1055068969727,0.95375985
232,1622.8079280853271,632.348016500473,172.8511848449707,61.89175844192505,1709.2335205078125,663.2938957214355,0.9593136
233,1612.9724864959717,631.3225479125977,173.94308853149414,61.4454345703125,1699.9440307617188,662.0452651977539,0.9618765
234,1603.9285926818848,631.4395362138748,174.00377655029297,62.163251638412476,1690.9304809570312,662.521162033081,0.9675624
235,1593.7123260498047,630.675254702568,175.54312133789062,62.629608392715454,1681.48388671875,661.9900588989258,0.97604877,1854.2492923736572,325.04507982730865,65.98444747924805,75.68042635917664,1887.2415161132812,362.885293006897,0.8756989
236,1585.876750946045,630.9737813472748,173.48783111572266,61.539406299591064,1672.6206665039062,661.7434844970703,0.95987105,1822.3757228851318,290.2459316253662,97.50392532348633,120.25703430175781,1871.127685546875,350.3744487762451,0.84756017
237,1577.764492034912,631.1892668008804,170.97187042236328,60.578516721725464,1663.2504272460938,661.4785251617432,0.9592292,1783.5847721099854,280.6827664375305,136.3861198425293,131.3377161026001,1851.77783203125,346.35162448883057,0.937212
238,1571.5973224639893,630.1014078855515,170.54595565795898,59.271190881729126,1656.8703002929688,659.737003326416,0.959813,1736.6508178710938,255.96639275550842,184.6761474609375,133.61630201339722,1828.9888916015625,322.77454376220703,0.9541474
239,1698.0497932434082,220.87923002243042,222.3819808959961,145.1244592666626,1809.2407836914062,293.4414596557617,0.9709533,1557.0803203582764,629.3020752668381,174.28467178344727,63.62234330177307,1644.22265625,661.1132469177246,0.95229113
240,1649.6818542480469,181.19193935394287,271.37860107421875,167.5205783843994,1785.3711547851562,264.9522285461426,0.9797315,1550.8751106262207,629.0517318248749,173.0863265991211,64.26125192642212,1637.4182739257812,661.1823577880859,0.9724239
241,1614.8796730041504,159.99113059043884,288.7374801635742,161.7950234413147,1759.2484130859375,240.8886423110962,0.9794208,1540.3278350830078,629.2090401649475,172.96517944335938,62.68955898284912,1626.8104248046875,660.5538196563721,0.95409906
242,1572.1556282043457,136.12272334098816,288.3676986694336,159.94504594802856,1716.3394775390625,216.09524631500244,0.9784037,1533.7470359802246,628.5191770792007,169.12689971923828,59.86413073539734,1618.3104858398438,658.4512424468994,0.9589621
243,1530.6213111877441,109.89957690238953,284.6696090698242,169.99794816970825,1672.9561157226562,194.89855098724365,0.97890604,1525.8114337921143,628.4757317304611,171.22893905639648,61.80300736427307,1611.4259033203125,659.3772354125977,0.96263057
244,1514.2784442901611,628.5696358680725,172.15600204467773,61.688841819763184,1600.3564453125,659.4140567779541,0.96869665,1479.8001136779785,87.22440719604492,281.21971893310547,169.6175937652588,1620.4099731445312,172.03320407867432,0.9672143
245,1427.660545349121,53.93041276931763,278.7655792236328,177.47390842437744,1567.0433349609375,142.66736698150635,0.97488797,1506.9046440124512,628.3014096021652,171.31986236572266,58.88613724708557,1592.5645751953125,657.744478225708,0.9654798
246,1496.9326858520508,628.105339050293,173.37950134277344,60.05229949951172,1583.6224365234375,658.1314888000488,0.972838,1384.161117553711,37.16229772567749,276.6971740722656,176.3887596130371,1522.5097045898438,125.35667753219604,0.96862674
247,1488.334831237793,627.9207043647766,171.29969787597656,61.497164726257324,1573.9846801757812,658.6692867279053,0.9723788,1334.259120941162,22.75866150856018,272.10816192626953,166.43566131591797,1470.3132019042969,105.97649216651917,0.9701783
248,1286.325782775879,12.3793044090271,276.6654510498047,160.5857377052307,1424.6585083007812,92.67217326164246,0.97518903,1483.6186981201172,627.9388189315796,169.62588500976562,62.53261756896973,1568.431640625,659.2051277160645,0.9664945
249,1246.7520904541016,2.955893039703369,272.8210144042969,157.7364206314087,1383.16259765625,81.82410335540771,0.9789201,1475.6550521850586,627.4688218832016,168.0014190673828,62.54934811592102,1559.65576171875,658.7434959411621,0.96674293
250,1202.3872032165527,1.199932336807251,272.36304473876953,144.49628162384033,1338.5687255859375,73.44807314872742,0.9651971,1465.3733310699463,627.7244664430618,167.60514450073242,59.85226035118103,1549.1759033203125,657.6505966186523,0.9622751
251,1454.4031562805176,626.1890605688095,171.65352630615234,64.05212330818176,1540.2299194335938,658.2151222229004,0.9686233,1156.9938354492188,0.1639387607574463,261.21826171875,134.45781183242798,1287.6029663085938,67.39284467697144,0.9623747
252,1445.5751838684082,626.3781048059464,169.9702377319336,61.671982526779175,1530.560302734375,657.2140960693359,0.96516854,1115.2344589233398,-0.2694525718688965,274.2575225830078,118.8616075515747,1252.3632202148438,59.16135120391846,0.91712123
253,1438.370252609253,626.4320558309555,167.0896339416504,61.349847078323364,1521.9150695800781,657.1069793701172,0.9703812,1065.7348022460938,-1.6191229820251465,269.93756103515625,110.79444551467896,1200.7035827636719,53.77809977531433,0.9438981
254,1429.653636932373,625.8263508081436,169.4391860961914,63.58494257926941,1514.3732299804688,657.6188220977783,0.971265,1013.6831588745117,0.26217520236968994,237.7422637939453,97.0428307056427,1132.5542907714844,48.78359055519104,0.9315703
255,1420.00172996521,626.0223441123962,165.64754104614258,62.50504016876221,1502.8255004882812,657.2748641967773,0.96444315,954.4106140136719,-0.1804182529449463,268.55364990234375,87.67240476608276,1088.6874389648438,43.655784130096436,0.8578231
256,1410.4586448669434,624.8404169082642,167.90338897705078,63.45052528381348,1494.4103393554688,656.5656795501709,0.9662818
257,1400.8042430877686,625.7170068025589,167.28830337524414,62.46024298667908,1484.4483947753906,656.9471282958984,0.96243304
258,1393.259141921997,625.6100896596909,166.8760643005371,61.331822633743286,1476.6971740722656,656.2760009765625,0.96247935
259,1384.6102695465088,625.2567139863968,165.63932418823242,57.07268500328064,1467.429931640625,653.7930564880371,0.9606372
260,1373.3086338043213,625.0672320127487,164.66154098510742,57.46472954750061,1455.639404296875,653.799596786499,0.95831877
261,1364.3542671203613,624.1908255815506,165.37740325927734,63.397050619125366,1447.04296875,655.8893508911133,0.96241814
262,1355.2707767486572,624.1655269861221,164.6674919128418,62.980454206466675,1437.6045227050781,655.6557540893555,0.96325064,569.4104919433594,-0.10605454444885254,297.0152893066406,59.68613290786743,717.9181365966797,29.737011909484863,0.8590634
263,1346.6065120697021,623.4526569843292,162.1959114074707,63.9575400352478,1427.7044677734375,655.4314270019531,0.9621788,536.1993370056152,0.051910400390625,278.06641387939453,66.99575328826904,675.2325439453125,33.54978704452515,0.84131896
264,1337.9711093902588,623.596920132637,162.96104049682617,62.625449895858765,1419.4516296386719,654.9096450805664,0.96258503,495.65053939819336,-0.14872419834136963,264.3218765258789,75.10597443580627,627.8114776611328,37.40426301956177,0.8768876
265,1326.1616306304932,622.7551463842392,163.77897262573242,63.480902910232544,1408.0511169433594,654.4955978393555,0.9668587,450.5621795654297,0.11218607425689697,255.43560791015625,83.31552314758301,578.2799835205078,41.7699476480484,0.9239716
266,1318.6494255065918,622.2698156833649,162.3812026977539,63.448169231414795,1399.8400268554688,653.9939002990723,0.9629215,400.0133857727051,0.5932230949401855,260.76354217529297,90.48477816581726,530.3951568603516,45.835612177848816,0.87219644
267,1308.8358421325684,623.1832526922226,163.44623565673828,62.840468645095825,1390.5589599609375,654.6034870147705,0.95536834,355.01202392578125,-1.3300366401672363,264.58941650390625,105.7703504562378,487.3067321777344,51.55513858795166,0.9030059
268,312.95381927490234,-0.009958505630493164,252.66737365722656,113.67939949035645,439.2875061035156,56.82974123954773,0.9578185,1302.0533809661865,622.0916697978973,160.8101692199707,63.19842767715454,1382.4584655761719,653.6908836364746,0.95619684
269,1291.7269248962402,621.5004776716232,161.67780303955078,63.78219437599182,1372.5658264160156,653.3915748596191,0.96633786,259.510986328125,1.169496774673462,248.6484375,128.0497612953186,383.835205078125,65.19437742233276,0.96567184
270,206.1639404296875,0.8049266338348389,253.39036560058594,142.0233278274536,332.85912322998047,71.81659054756165,0.9755264,1281.898338317871,621.7065711021423,159.8264923095703,62.33066654205322,1361.8115844726562,652.871904373169,0.9638883
271,154.18703842163086,2.9121837615966797,256.94986724853516,152.34520626068115,282.66197204589844,79.08478689193726,0.9691022,1272.1462726593018,621.4030072689056,161.56389999389648,63.15213060379028,1352.92822265625,652.9790725708008,0.96058255
272,66.34399795532227,1.185448408126831,291.52356719970703,174.97727823257446,212.10578155517578,88.67408752441406,0.9826701,1263.9571323394775,620.7237496376038,160.53452682495117,64.41104793548584,1344.2243957519531,652.9292736053467,0.958285
273,4.206562042236328,3.2304697036743164,301.5379943847656,195.37994527816772,154.97555923461914,100.92044234275818,0.9787982,1254.6474723815918,621.2137892246246,158.75589752197266,64.76900053024292,1334.0254211425781,653.5982894897461,0.95740134
274,4.381141662597656,22.928741455078125,253.70054626464844,194.7391119003296,131.23141479492188,120.29829740524292,0.96418697,1246.900354385376,621.0309151411057,157.5688591003418,63.288633584976196,1325.6847839355469,652.6752319335938,0.948217
275,1236.1671180725098,619.8971582651138,159.63420867919922,63.58035922050476,1315.9842224121094,651.6873378753662,0.96803135,2.069263458251953,47.07615423202515,211.13168334960938,188.16384601593018,107.63510513305664,141.15807723999023,0.9516001
276,1226.543369293213,619.9601343870163,160.25969696044922,64.39435601234436,1306.6732177734375,652.1573123931885,0.95682096,-1.4981517791748047,96.17222428321838,154.7179069519043,162.27004480361938,75.86080169677734,177.30724668502808,0.9362734
277,1219.1794509887695,619.567124247551,159.73338317871094,64.43004441261292,1299.046142578125,651.7821464538574,0.9630276,-0.010271072387695312,124.72227501869202,109.63688278198242,147.76224660873413,54.808170318603516,198.60339832305908,0.86766493
278,1211.7841758728027,619.9866399765015,155.58130645751953,59.86314582824707,1289.5748291015625,649.918212890625,0.952377,0.6331157684326172,157.70531558990479,62.33514404296875,126.05179023742676,31.800687789916992,220.73121070861816,0.8550994
279,1201.862319946289,619.245964050293,157.42391967773438,64.7585334777832,1280.5742797851562,651.6252307891846,0.9645216
280,1191.583013534546,618.6951370239258,156.4009895324707,64.65687561035156,1269.7835083007812,651.0235748291016,0.9671679
281,1181.6673488616943,618.766388297081,157.52315139770508,63.98260045051575,1260.4289245605469,650.7576885223389,0.94094455
282,1173.6361484527588,609.5023097991943,153.19511032104492,79.99176406860352,1250.2337036132812,649.4981918334961,0.94224143
283,1166.2084293365479,612.9817003011703,152.18317794799805,75.02761960029602,1242.3000183105469,650.4955101013184,0.94869286
284,1153.5266590118408,614.3539559841156,154.6665916442871,71.25695085525513,1230.8599548339844,649.9824314117432,0.94220006
285,1144.4097290039062,615.9828733205795,153.9437255859375,68.50771450996399,1221.381591796875,650.2367305755615,0.95259935
286,1136.463535308838,616.9725955724716,154.28917694091797,67.63332295417786,1213.6081237792969,650.7892570495605,0.9458391
287,1127.8309307098389,618.1957279443741,152.33600234985352,66.41292643547058,1203.9989318847656,651.4021911621094,0.9490647
288,1117.4953651428223,619.659303188324,152.02141571044922,64.63480854034424,1193.5060729980469,651.9767074584961,0.94903195
289,1109.4780178070068,620.0631279945374,151.53340530395508,63.21298885345459,1185.2447204589844,651.6696224212646,0.9482335
290,1099.7194232940674,619.7293925285339,149.71715927124023,65.82153797149658,1174.5780029296875,652.6401615142822,0.9555219
291,1089.8711986541748,620.4745134115219,151.11130142211914,64.70682263374329,1165.4268493652344,652.8279247283936,0.95410776
292,1081.263433456421,621.394146323204,149.85954666137695,62.88856816291809,1156.1932067871094,652.8384304046631,0.9477338
293,1072.331657409668,621.7818102836609,147.07594299316406,64.25032138824463,1145.86962890625,653.9069709777832,0.9491642
294,1062.7779006958008,621.8990335464478,146.34471130371094,63.462472915649414,1135.9502563476562,653.6302700042725,0.9602029
295,1053.3406162261963,622.3719209432602,146.96622848510742,63.226861238479614,1126.82373046875,653.9853515625,0.9597235
296,1043.6682529449463,622.2963663339615,146.06882858276367,63.510836362838745,1116.7026672363281,654.0517845153809,0.9569926
297,1033.6403903961182,624.2904235124588,146.27207565307617,63.049333333969116,1106.7764282226562,655.8150901794434,0.9582269
298,1025.2698612213135,623.7516889572144,144.5097770690918,65.02174186706543,1097.5247497558594,656.2625598907471,0.9569385
299,1016.7487564086914,624.1035615205765,143.2288055419922,62.81321310997009,1088.3631591796875,655.5101680755615,0.9653505
300,1006.8308429718018,624.1421724557877,143.79186630249023,63.95567965507507,1078.7267761230469,656.1200122833252,0.96232015
301,998.7721195220947,624.6780552864075,141.74177169799805,61.96384334564209,1069.6430053710938,655.6599769592285,0.95962214
302,987.9644737243652,626.3917679786682,141.87787628173828,61.700377464294434,1058.9034118652344,657.2419567108154,0.9544106
303,979.211877822876,625.6845885515213,140.7949333190918,58.954694509506226,1049.6093444824219,655.1619358062744,0.9615351
304,968.9083271026611,625.6943475008011,139.61907577514648,63.27566885948181,1038.7178649902344,657.332181930542,0.9688399
305,958.1742839813232,631.928722858429,139.82880020141602,62.61540126800537,1028.0886840820312,663.2364234924316,0.9577867
306,948.9628772735596,645.1464793682098,140.19118881225586,63.2523980140686,1019.0584716796875,676.7726783752441,0.9512869
307,939.5728340148926,652.654284954071,139.19112396240234,60.05186176300049,1009.1683959960938,682.6802158355713,0.95467716
308,928.9509315490723,652.7555115222931,140.26824188232422,62.382203578948975,999.0850524902344,683.9466133117676,0.965705
309,920.638858795166,650.1466888189316,139.24999237060547,63.084880113601685,990.2638549804688,681.6891288757324,0.9636644
310,910.8402557373047,641.5096131563187,137.43026733398438,64.07986807823181,979.5553894042969,673.5495471954346,0.96349394
311,902.9767456054688,634.7989225387573,135.60552978515625,63.915143966674805,970.7795104980469,666.7564945220947,0.9640163
312,892.3753395080566,629.5155072212219,137.99315643310547,63.85517406463623,961.3719177246094,661.44309425354,0.9514985
313,883.460615158081,629.9461787939072,137.1529884338379,61.465461015701294,952.037109375,660.6789093017578,0.95409733
314,873.7046127319336,630.1501543521881,136.9101104736328,58.09078931808472,942.15966796875,659.1955490112305,0.9572594
315,863.886360168457,630.5866130590439,135.0586395263672,60.94779896736145,931.4156799316406,661.0605125427246,0.95341724
316,853.1713886260986,631.4245694875717,137.68218612670898,59.469022035598755,922.0124816894531,661.1590805053711,0.9486387
317,845.1741142272949,632.6839792728424,135.20011138916016,59.12920331954956,912.774169921875,662.2485809326172,0.94350034
318,836.8560562133789,634.2182296514511,134.3115692138672,58.90609288215637,904.0118408203125,663.6712760925293,0.9497301
319,825.4614601135254,632.603400349617,137.19573211669922,61.38634657859802,894.059326171875,663.296573638916,0.959484
320,815.6154613494873,633.8849641084671,134.06601333618164,60.6261785030365,882.6484680175781,664.1980533599854,0.9365829
321,805.6322479248047,634.1681249141693,134.89022827148438,61.01072359085083,873.0773620605469,664.6734867095947,0.95062083
322,798.7052707672119,634.6454701423645,135.58475875854492,61.21557140350342,866.4976501464844,665.2532558441162,0.9489946
323,790.4590644836426,638.8270479440689,133.4348373413086,58.46440386772156,857.1764831542969,668.0592498779297,0.9510212
324,779.5195655822754,635.493169426918,135.24327850341797,58.090473890304565,847.1412048339844,664.5384063720703,0.95592153
325,773.213098526001,638.3442277908325,132.81025314331055,59.45023155212402,839.6182250976562,668.0693435668945,0.95171845
326,760.5846347808838,636.04492020607,136.37650680541992,60.4898943901062,828.7728881835938,666.289867401123,0.9608661
327,754.3404121398926,635.8788378238678,135.83992767333984,56.85111951828003,822.2603759765625,664.3043975830078,0.9441556
328,745.3258666992188,636.5900727510452,133.430419921875,60.041980504989624,812.0410766601562,666.61106300354,0.9500233
329,737.0538368225098,637.5639238357544,134.44365692138672,60.93101692199707,804.2756652832031,668.0294322967529,0.9662929
330,724.9518928527832,638.5497869253159,138.0674057006836,60.88636136054993,793.985595703125,668.9929676055908,0.9638156
331,715.5866718292236,639.2376898527145,136.71776962280273,59.401275873184204,783.945556640625,668.9383277893066,0.9528487
332,709.0195140838623,638.0641697645187,135.85788345336914,62.41583847999573,776.9484558105469,669.2720890045166,0.9479102
333,699.428129196167,626.410503745079,135.32385635375977,80.84060597419739,767.0900573730469,666.8308067321777,0.9398039
334,687.6707096099854,618.8847219944,140.8322868347168,92.12681150436401,758.0868530273438,664.948127746582,0.95792264
335,680.2604141235352,627.5362300872803,136.9618377685547,78.7382926940918,748.7413330078125,666.9053764343262,0.95957416
336,672.3055400848389,634.6542989015579,135.41412734985352,72.73870825767517,740.0126037597656,671.0236530303955,0.95424354
337,665.4079971313477,637.4382838010788,135.6592254638672,69.17639565467834,733.2376098632812,672.026481628418,0.9521408
338,658.0161266326904,642.0735594034195,132.76568984985352,65.98615908622742,724.3989715576172,675.0666389465332,0.9132402
339,648.9200477600098,647.700311422348,132.23961639404297,59.739330768585205,715.0398559570312,677.5699768066406,0.9239455
340,638.3421993255615,650.9441514015198,135.18950271606445,56.17119884490967,705.9369506835938,679.0297508239746,0.9592915
341,632.6524085998535,657.5776909589767,133.2297592163086,50.92025971412659,699.2672882080078,683.03782081604,0.9386769
342,624.6384086608887,656.9189876317978,133.79569244384766,54.7967255115509,691.5362548828125,684.3173503875732,0.9499181
343,617.1471519470215,660.2933487296104,135.14105987548828,52.30795204639435,684.7176818847656,686.4473247528076,0.94719106
344,609.8617744445801,660.8472608327866,133.00472259521484,55.35089993476868,676.3641357421875,688.5227108001709,0.9392333
345,603.5675525665283,663.3324229717255,133.4662742614746,50.7049126625061,670.3006896972656,688.6848793029785,0.92267674
346,596.0719814300537,665.4040963053703,132.4141731262207,51.03358519077301,662.2790679931641,690.9208889007568,0.9381416,0.1439824104309082,314.3343497514725,46.51857662200928,66.02573561668396,23.403270721435547,347.34721755981445,0.8308212
347,591.6776218414307,667.4763602614403,131.62858200073242,53.271461606025696,657.4919128417969,694.1120910644531,0.91619086,-0.2496786117553711,298.17350721359253,67.31037712097168,83.59286785125732,33.40550994873047,339.9699411392212,0.86563647
348,584.5824966430664,671.0523810982704,129.72276306152344,49.02320945262909,649.4438781738281,695.563985824585,0.94017386,0.46994590759277344,287.004785656929,88.97061538696289,93.91640067100525,44.95525360107422,333.96298599243164,0.885215
349,578.1752758026123,670.9207527637482,130.51926040649414,49.92339849472046,643.4349060058594,695.8824520111084,0.9584677,-0.3087959289550781,287.2493805885315,112.15784454345703,96.25328922271729,55.77012634277344,335.37602519989014,0.9075903
350,570.0092926025391,672.5054136514664,128.71664428710938,48.655707120895386,634.3676147460938,696.8332672119141,0.94614303,0.482208251953125,289.1061655282974,131.2547607421875,95.15815615653992,66.10958862304688,336.6852436065674,0.93951833
351,1.4025993347167969,290.5274863243103,155.75067901611328,92.38920879364014,79.27793884277344,336.72209072113037,0.9578754,565.0227584838867,674.3674546480179,130.8445587158203,50.3667676448822,630.4450378417969,699.550838470459,0.94063056
352,0.85418701171875,289.13887989521027,179.68968200683594,94.43406271934509,90.69902801513672,336.3559112548828,0.95921063,556.7998237609863,684.0475646853447,132.64803314208984,38.800729393959045,623.1238403320312,703.4479293823242,0.8321866
353,17.3818416595459,290.75379288196564,181.93779373168945,94.19129920005798,108.35073852539062,337.84944248199463,0.97095877,550.8344478607178,680.5515031814575,131.7000617980957,46.02490425109863,616.6844787597656,703.5639553070068,0.92794657
354,47.15013885498047,293.80574333667755,182.9728546142578,93.93895697593689,138.63656616210938,340.775221824646,0.9697037,544.140380859375,679.735578417778,128.21044921875,45.24096322059631,608.24560546875,702.3560600280762,0.95318353
355,67.95754623413086,296.4070054292679,182.29048919677734,96.30633902549744,159.10279083251953,344.5601749420166,0.9657773,536.8830299377441,681.069462954998,128.19609832763672,44.81172716617584,600.9810791015625,703.4753265380859,0.94527566
356,87.46711349487305,301.00607764720917,182.93325805664062,93.58293557167053,178.93374252319336,347.79754543304443,0.9695658,528.851972579956,683.4356026053429,131.12350845336914,42.41006004810333,594.4137268066406,704.6406326293945,0.9497959
357,109.79456520080566,305.6193698644638,182.82542037963867,94.43984341621399,201.207275390625,352.8392915725708,0.9682673,522.7146377563477,682.2984049916267,131.52598571777344,46.01527726650238,588.4776306152344,705.3060436248779,0.94117457
358,134.47237014770508,310.2592513561249,181.25296783447266,95.27055788040161,225.0988540649414,357.8945302963257,0.9716123,515.8179531097412,682.2158546447754,128.20100784301758,47.36824035644531,579.91845703125,705.899974822998,0.94069034
359,155.72703552246094,313.0449163913727,181.3860626220703,95.09162664413452,246.4200668334961,360.59072971343994,0.9693886,505.88358879089355,683.568946480751,130.1587257385254,46.67585062980652,570.9629516601562,706.9068717956543,0.94259924
360,180.00568771362305,312.2271602153778,180.32105255126953,95.40126085281372,270.1662139892578,359.92779064178467,0.97328293,499.42726135253906,683.5341367721558,127.69354248046875,50.18947792053223,563.2740325927734,708.6288757324219,0.9427649
361,200.65876579284668,308.1871612071991,182.44531631469727,96.45239496231079,291.8814239501953,356.4133586883545,0.9668919,492.4475555419922,684.0084355473518,124.15969848632812,49.864835143089294,554.5274047851562,708.9408531188965,0.93804795
362,226.66761589050293,301.32795560359955,180.70380020141602,94.93118977546692,317.01951599121094,348.793550491333,0.96683806,485.39560317993164,685.1478652954102,126.72814178466797,46.47319793701172,548.7596740722656,708.384464263916,0.93960875
363,261.1388511657715,288.58134841918945,179.45281219482422,96.08687210083008,350.8652572631836,336.6247844696045,0.97571373,477.6328067779541,684.9880818128586,130.66965866088867,49.70469117164612,542.9676361083984,709.8404273986816,0.95151806
364,289.9265384674072,275.584948182106,177.95559310913086,97.44653964042664,378.90433502197266,324.30821800231934,0.9587934,471.4010353088379,685.8087396025658,133.0733871459961,45.48660099506378,537.9377288818359,708.5520401000977,0.94754314
365,313.22878074645996,266.5802221298218,178.68574905395508,99.14819526672363,402.5716552734375,316.1543197631836,0.96701884,464.08541107177734,687.5743144154549,125.91572570800781,50.271621108055115,527.0432739257812,712.7101249694824,0.92957723
366,343.4887104034424,254.84835577011108,178.3736228942871,100.13796901702881,432.67552185058594,304.9173402786255,0.9594626,457.54920959472656,688.3967151045799,123.26889038085938,46.34719097614288,519.1836547851562,711.5703105926514,0.9508364
367,371.23217010498047,247.0334748029709,173.68199157714844,99.1743757724762,458.0731658935547,296.620662689209,0.9574661,452.6578903198242,689.2934891581535,118.89042663574219,44.41665709018707,512.1031036376953,711.5018177032471,0.9470183
368,392.62817573547363,240.27484238147736,175.7248191833496,101.658620595932,480.49058532714844,291.10415267944336,0.96313494,446.1961441040039,689.601581633091,120.93443298339844,48.6831396818161,506.6633605957031,713.943151473999,0.9526008
369,424.4288635253906,231.63337647914886,174.592529296875,102.08442234992981,511.7251281738281,282.67558765411377,0.97384745,436.6300220489502,690.7087379693985,127.03442001342773,46.90440058708191,500.14723205566406,714.1609382629395,0.94777715
370,450.82084465026855,225.7213683128357,167.09412002563477,103.8389539718628,534.3679046630859,277.6408452987671,0.96771765,429.54982566833496,691.6005585193634,130.0693244934082,42.66057729721069,494.58448791503906,712.9308471679688,0.9424661
371,479.9517059326172,220.90349864959717,167.99661254882812,105.10666465759277,563.9500122070312,273.45683097839355,0.9489399,420.2380256652832,691.7666569948196,132.79058074951172,46.38511633872986,486.63331604003906,714.9592151641846,0.94050217
372,509.0284080505371,215.42978060245514,163.09796905517578,107.27882266044617,590.577392578125,269.0691919326782,0.94381154,411.9956588745117,692.7188819646835,131.58192443847656,47.14715123176575,477.78662109375,716.2924575805664,0.9415947
373,536.9233875274658,212.25152385234833,160.76812362670898,106.88796257972717,617.3074493408203,265.6955051422119,0.9501414,407.8033962249756,693.1433141827583,122.93709182739258,47.777836203575134,469.2719421386719,717.0322322845459,0.94618505
374,405.9372253417969,694.1462329030037,116.63186645507812,47.27719438076019,464.25315856933594,717.7848300933838,0.9579056,565.5218181610107,210.3680820465088,160.49225234985352,107.80842590332031,645.7679443359375,264.27229499816895,0.91934764
375,396.93042755126953,694.2270821928978,123.41276550292969,45.68383991718292,458.6368103027344,717.0690021514893,0.9527009,593.7380275726318,207.63717913627625,163.84834671020508,107.62095880508423,675.6622009277344,261.44765853881836,0.90346974
376,616.7427463531494,208.64918088912964,162.42875289916992,102.60000514984131,697.9571228027344,259.9491834640503,0.9552836,385.5109691619873,694.6481074690819,128.1573829650879,46.53371822834015,449.58966064453125,717.914966583252,0.9396217
377,649.2472343444824,205.29179656505585,167.55008697509766,106.498943567276,733.0222778320312,258.54126834869385,0.95257026,377.8219413757324,694.3054418563843,129.27445220947266,48.16219139099121,442.45916748046875,718.3865375518799,0.95119786
378,676.1327476501465,205.39452946186066,169.40631866455078,106.87324690818787,760.8359069824219,258.8311529159546,0.9545074,373.74402236938477,695.6034142971039,122.66695404052734,47.21151781082153,435.07749938964844,719.2091732025146,0.9512838
379,710.8133926391602,206.06847310066223,170.75816345214844,105.03658819198608,796.1924743652344,258.5867671966553,0.96054965,371.85336112976074,696.3455852866173,115.07376480102539,44.42591392993927,429.39024353027344,718.5585422515869,0.9536633
380,740.2310428619385,206.61227703094482,171.87617111206055,110.06276893615723,826.1691284179688,261.64366149902344,0.95746213,362.49148178100586,696.340358197689,122.05268096923828,46.60270035266876,423.517822265625,719.6417083740234,0.9500894
381,769.4904327392578,208.3169903755188,172.47354125976562,109.55419635772705,855.7272033691406,263.0940885543823,0.95808345,351.5881404876709,696.3828218579292,129.00905227661133,46.02627217769623,416.09266662597656,719.3959579467773,0.95664614
382,809.164306640625,209.8014578819275,171.1314697265625,110.52205753326416,894.7300415039062,265.06248664855957,0.96018034,343.30426597595215,696.6454862952232,130.96525955200195,44.952176213264465,408.7868957519531,719.1215744018555,0.9516083
383,336.8668041229248,699.4367582201958,131.0420265197754,47.75676691532135,402.3878173828125,723.3151416778564,0.9593915,858.9158020019531,213.25528264045715,170.2265625,112.12349081039429,944.0290832519531,269.3170280456543,0.95834464
384,897.8921012878418,216.90164709091187,170.33585357666016,111.8076639175415,983.0600280761719,272.8054790496826,0.95735866,326.0225315093994,718.5769481062889,131.2800407409668,45.644237637519836,391.6625518798828,741.3990669250488,0.94831365
385,943.6449165344238,223.66536498069763,169.6578598022461,110.55142450332642,1028.4738464355469,278.94107723236084,0.9650522,317.8352508544922,735.5718943476677,126.394775390625,48.687471985816956,381.0326385498047,759.9156303405762,0.9494818
386,991.2121810913086,229.84829020500183,170.2327423095703,112.32750177383423,1076.3285522460938,286.01204109191895,0.96325177,308.63255882263184,752.474758207798,124.34370803833008,44.13428485393524,370.8044128417969,774.5419006347656,0.9517138
387,301.43020248413086,767.0742638111115,121.9994888305664,47.49370336532593,362.42994689941406,790.8211154937744,0.9515909,1037.5624294281006,237.80666184425354,172.12617874145508,112.7126841545105,1123.6255187988281,294.1630039215088,0.9443164
388,292.7959842681885,777.5082156658173,122.14912033081055,46.75179147720337,353.87054443359375,800.884111404419,0.95632756,1082.1991996765137,246.201810836792,170.04947662353516,111.65031051635742,1167.2239379882812,302.0269660949707,0.95178616
389,286.82470893859863,788.9362607002258,120.56965255737305,43.79592418670654,347.10953521728516,810.8342227935791,0.95712245,1122.0399799346924,253.30206441879272,172.54729843139648,112.93362522125244,1208.3136291503906,309.76887702941895,0.9524275
390,1164.3764419555664,262.9723720550537,175.5926971435547,114.92411613464355,1252.1727905273438,320.4344301223755,0.9496155,276.48945236206055,801.871492087841,122.01679229736328,44.6564337015152,337.4978485107422,824.1997089385986,0.94305766
391,1212.9777717590332,271.45830631256104,175.63057708740234,116.07577514648438,1300.7930603027344,329.4961938858032,0.95614344,266.6657123565674,814.5809174180031,122.8333854675293,46.08102786540985,328.08240509033203,837.621431350708,0.9524648
392,254.75775718688965,826.7364258170128,125.61166763305664,44.21672737598419,317.56359100341797,848.8447895050049,0.9516505,1253.7929649353027,282.8989169597626,180.63544464111328,112.21461725234985,1344.1106872558594,339.0062255859375,0.94398874
393,246.27144813537598,836.2617557644844,128.65407943725586,43.88872754573822,310.5984878540039,858.2061195373535,0.95660335,1296.5276527404785,291.37466740608215,188.91533660888672,115.604989528656,1390.9853210449219,349.17716217041016,0.93759465
394,236.64345932006836,845.6230439543724,133.6801528930664,43.55417454242706,303.48353576660156,867.4001312255859,0.9552018,1343.743091583252,297.3827877044678,193.3275375366211,114.11337661743164,1440.4068603515625,354.4394760131836,0.94796216
395,1384.5932922363281,298.79894256591797,198.78753662109375,113.68794822692871,1483.987060546875,355.6429166793823,0.9570672,226.16370391845703,855.4095497131348,136.8677215576172,44.718544006347656,294.5975646972656,877.7688217163086,0.95499104
396,216.90551376342773,865.7354675531387,139.44001007080078,42.32001185417175,286.6255187988281,886.8954734802246,0.95242643,1429.12984085083,293.81893014907837,207.43965911865234,118.56667613983154,1532.8496704101562,353.10226821899414,0.9475321
397,207.90149688720703,876.2338728904724,139.0118408203125,42.85221576690674,277.4074172973633,897.6599807739258,0.9602672,1473.468578338623,289.4006688594818,212.5857925415039,117.19981813430786,1579.761474609375,348.00057792663574,0.94497997
398,1516.462589263916,279.47139501571655,218.57604217529297,118.29630947113037,1625.7506103515625,338.61954975128174,0.9618779,197.35010147094727,885.0868765711784,141.15287017822266,44.249029755592346,267.9265365600586,907.2113914489746,0.9609091
399,1558.658992767334,275.16790759563446,227.14002227783203,106.60873818397522,1672.22900390625,328.47227668762207,0.96806526,191.34698867797852,891.8202683329582,139.64673614501953,41.95554792881012,261.1703567504883,912.7980422973633,0.9582452
400,1607.4079856872559,267.96187949180603,234.13336944580078,88.18092584609985,1724.4746704101562,312.05234241485596,0.9608123,184.7941188812256,894.973078429699,139.26250076293945,43.67152655124664,254.4253692626953,916.8088417053223,0.9527205
401,1650.5545806884766,254.03504133224487,243.65597534179688,80.64638614654541,1772.382568359375,294.3582344055176,0.9662483,178.37540817260742,892.7011696100235,137.93904876708984,42.195385694503784,247.34493255615234,913.7988624572754,0.9453831
402,1697.05224609375,231.20072221755981,222.170654296875,73.98269748687744,1808.1375732421875,268.19207096099854,0.9656694,171.9294147491455,888.4166078567505,141.90775680541992,44.128835678100586,242.88329315185547,910.4810256958008,0.9625954
403,1739.2136878967285,203.62347972393036,180.64244842529297,80.16322159767151,1829.534912109375,243.7050905227661,0.9604188,167.67973136901855,879.7733346819878,139.53413772583008,41.72156488895416,237.4468002319336,900.6341171264648,0.94593453
404,165.20927238464355,869.6565776467323,137.51448440551758,39.94651114940643,233.96651458740234,889.6298332214355,0.96539414,1788.8989334106445,172.44825875759125,131.56370544433594,84.83415341377258,1854.6807861328125,214.86533546447754,0.9406503
405,163.36323738098145,854.5764550566673,135.45800399780273,39.482710003852844,231.0922393798828,874.3178100585938,0.95027524,1841.8602991104126,158.68955326080322,78.6880931854248,69.63540744781494,1881.204345703125,193.5072569847107,0.90684146
406,161.52666091918945,834.4830150604248,135.15314483642578,44.898582458496094,229.10323333740234,856.9323062896729,0.9609384
407,159.57304573059082,816.774308860302,132.18769454956055,40.9591566324234,225.6668930053711,837.2538871765137,0.96857095
408,156.6683235168457,800.2819855213165,132.8078842163086,43.05186223983765,223.072265625,821.8079166412354,0.9521601
409,154.57780838012695,785.4043064117432,132.63603973388672,44.578468322753906,220.8958282470703,807.6935405731201,0.96275526
410,151.45503044128418,771.1918966770172,131.13000869750977,44.86445188522339,217.02003479003906,793.6241226196289,0.95574856
411,149.85772132873535,757.3193153142929,125.5371208190918,48.99470829963684,212.62628173828125,781.8166694641113,0.94232625
412,150.58840370178223,743.943461894989,120.68574142456055,55.217190742492676,210.9312744140625,771.5520572662354,0.9531146
413,150.31950187683105,729.8560838699341,114.4050178527832,60.45517158508301,207.52201080322266,760.0836696624756,0.9512344
414,151.3074073791504,719.5277488231659,112.68207550048828,65.04701471328735,207.64844512939453,752.0512561798096,0.9433267
415,147.65273094177246,717.7991112470627,120.95639419555664,52.37385392189026,208.13092803955078,743.9860382080078,0.9313409
416,152.51384353637695,715.423735678196,122.82195281982422,44.62614619731903,213.92481994628906,737.7368087768555,0.95338047
417,154.47932052612305,712.9471142292023,123.61772918701172,42.303075313568115,216.2881851196289,734.0986518859863,0.9533769
418,157.1330394744873,713.0487463474274,124.85287857055664,44.19641447067261,219.55947875976562,735.1469535827637,0.95402354
419,159.2941074371338,713.794597864151,126.0615348815918,42.63817548751831,222.3248748779297,735.1136856079102,0.9621285
420,161.8235378265381,713.7065500617027,126.53351211547852,43.716729283332825,225.09029388427734,735.5649147033691,0.95996463
421,164.71231842041016,713.9772047996521,127.48654174804688,42.91648578643799,228.4555892944336,735.4354476928711,0.9629729
422,168.47454071044922,713.8235673308372,127.90278625488281,43.19327366352081,232.42593383789062,735.4202041625977,0.96227896
423,171.2871150970459,713.3808209896088,127.78641128540039,44.346455097198486,235.1803207397461,735.554048538208,0.9608111
424,174.8071575164795,713.9993458986282,126.55818557739258,43.32425665855408,238.08625030517578,735.6614742279053,0.9585022
425,179.24178886413574,713.8890572190285,126.40401077270508,44.31113040447235,242.44379425048828,736.0446224212646,0.9592725
426,183.09039115905762,713.2905700206757,125.26404190063477,43.60389947891235,245.722412109375,735.0925197601318,0.9600473
427,186.38811492919922,713.1207765340805,125.52383422851562,43.39677929878235,249.15003204345703,734.8191661834717,0.9629898
428,189.96051406860352,713.6971516013145,125.39925384521484,43.19335091114044,252.66014099121094,735.2938270568848,0.96449906
429,193.78872299194336,713.7407594919205,125.5557632446289,42.31089663505554,256.5666046142578,734.8962078094482,0.96699744
430,197.25646018981934,713.5319108963013,126.33937454223633,43.19630241394043,260.4261474609375,735.1300621032715,0.9651461
431,200.16414642333984,713.7618078589439,125.4166259765625,43.3385249376297,262.8724594116211,735.4310703277588,0.96353215
432,204.61384963989258,713.4117683172226,124.97728729248047,43.973716020584106,267.1024932861328,735.3986263275146,0.95874256
433,207.3841781616211,713.6416282653809,126.94020080566406,43.391944885253906,270.8542785644531,735.3376007080078,0.9605525
434,212.07562637329102,713.6677910685539,125.44864654541016,42.98170530796051,274.7999496459961,735.1586437225342,0.9634836
435,214.96553421020508,713.4343149662018,126.67119598388672,43.44906949996948,278.30113220214844,735.1588497161865,0.9630457
436,219.66146278381348,713.0452283620834,124.2421989440918,44.459500551223755,281.7825622558594,735.2749786376953,0.9595855
437,227.0911102294922,711.6102556586266,118.88676452636719,50.550259709358215,286.5344924926758,736.8853855133057,0.956048
438,231.78489303588867,706.3588836193085,115.39098358154297,57.07907724380493,289.48038482666016,734.8984222412109,0.95140165
439,237.95633697509766,707.4462710022926,115.50970458984375,53.507253527641296,295.71118927001953,734.1998977661133,0.95344865
440,245.1877098083496,711.3556813001633,119.54711151123047,47.64197373390198,304.96126556396484,735.1766681671143,0.95655954
441,253.23077201843262,712.5101855993271,122.9948616027832,45.252936601638794,314.7282028198242,735.1366539001465,0.954409
442,261.88418197631836,712.093977034092,124.4154281616211,43.63104236125946,324.0918960571289,733.9094982147217,0.9641177
443,271.7293338775635,711.8210708498955,123.04990768432617,45.38717043399811,333.25428771972656,734.5146560668945,0.9500926
444,281.65703773498535,711.8491648435593,124.55302047729492,40.80931878089905,343.9335479736328,732.2538242340088,0.9642616
445,291.8346405029297,711.1143935322762,124.21435546875,42.721850752830505,353.9418182373047,732.4753189086914,0.9667791
446,303.0145683288574,711.2641493082047,123.5013656616211,43.11571383476257,364.76525115966797,732.8220062255859,0.9589157
447,313.4647407531738,710.9053598642349,124.61927032470703,42.89210772514343,375.77437591552734,732.3514137268066,0.9679998
448,325.06911849975586,710.853747189045,122.73163604736328,40.39765012264252,386.4349365234375,731.0525722503662,0.9534534
449,334.5314426422119,710.8515375852585,124.49644088745117,41.065677881240845,396.7796630859375,731.3843765258789,0.96842545
450,346.91357231140137,710.5952315926552,122.55270767211914,40.599202036857605,408.18992614746094,730.894832611084,0.96784717
451,356.0814456939697,709.7693628072739,124.8845329284668,42.56085705757141,418.5237121582031,731.0497913360596,0.9688728
452,368.0054740905762,709.7093607187271,124.00714874267578,41.5500590801239,430.00904846191406,730.4843902587891,0.94756186
453,378.8100929260254,709.373127579689,123.29509735107422,42.60031771659851,440.4576416015625,730.6732864379883,0.96800137
454,388.70162773132324,708.6536529064178,121.77203750610352,43.06378412246704,449.587646484375,730.1855449676514,0.96578604
455,398.67493629455566,708.5568777322769,122.98435592651367,42.69682574272156,460.1671142578125,729.9052906036377,0.95761293
456,409.57491874694824,708.375735282898,123.86539077758789,43.51322364807129,471.5076141357422,730.1323471069336,0.96682477
457,420.51033782958984,708.9698370695114,123.26033020019531,44.16866326332092,482.1405029296875,731.0541687011719,0.9499169
458,431.79181480407715,707.8909420967102,123.13603591918945,43.104403495788574,493.3598327636719,729.4431438446045,0.95778316
459,443.57360458374023,707.7787544131279,121.86151885986328,43.58050310611725,504.5043640136719,729.5690059661865,0.95477325
460,453.6258029937744,707.9881904125214,123.8704948425293,42.62903451919556,515.5610504150391,729.3027076721191,0.96128607
461,459.9297981262207,707.3499110341072,124.0770492553711,43.1693719625473,521.9683227539062,728.9345970153809,0.9519438
462,472.3278980255127,706.9994965195656,121.47671127319336,40.897403597831726,533.0662536621094,727.4481983184814,0.9499162
463,484.42433738708496,709.3213153481483,122.38026809692383,42.989758372306824,545.6144714355469,730.8161945343018,0.94801986
464,491.2308597564697,723.5211321115494,124.8398551940918,46.52964663505554,553.6507873535156,746.7859554290771,0.93838453
465,501.01293754577637,735.5944329500198,122.39825820922852,43.145042181015015,562.2120666503906,757.1669540405273,0.9525197
466,510.52017974853516,743.6073735952377,126.94120788574219,44.74099087715149,573.9907836914062,765.9778690338135,0.9323426
467,522.814058303833,747.8829392194748,123.10808944702148,43.17963624000549,584.3681030273438,769.4727573394775,0.93705195
468,534.6295223236084,748.6168125271797,124.6424446105957,41.66327512264252,596.9507446289062,769.448450088501,0.93153584
469,546.7295551300049,744.2450526952744,123.55559921264648,39.886801958084106,608.5073547363281,764.1884536743164,0.9477277
470,558.2810611724854,734.8220919370651,122.8165397644043,41.23644661903381,619.6893310546875,755.440315246582,0.943396
471,570.4573974609375,720.9820398688316,127.90045166015625,43.27219498157501,634.4076232910156,742.6181373596191,0.9266868
472,582.8409290313721,703.7454711198807,126.49856185913086,45.010778188705444,646.0902099609375,726.2508602142334,0.9292394
473,593.9929046630859,703.8690447807312,125.89508056640625,42.030198097229004,656.9404449462891,724.8841438293457,0.9179754
474,599.7180633544922,703.5623475909233,130.32476806640625,43.58745539188385,664.8804473876953,725.3560752868652,0.9187271
475,613.6951675415039,704.3808006048203,125.99464416503906,40.61086964607239,676.6924896240234,724.6862354278564,0.941582
476,628.3792133331299,703.5292807817459,121.47661972045898,38.927167654037476,689.1175231933594,722.9928646087646,0.91905236
477,638.1938381195068,702.6861906051636,123.65394973754883,43.375619888305664,700.0208129882812,724.3740005493164,0.93124384
478,649.8015804290771,702.1204177737236,122.23195266723633,46.131940484046936,710.9175567626953,725.1863880157471,0.9355009
479,660.0909576416016,702.3183084726334,121.32449340820312,43.717833280563354,720.7532043457031,724.177225112915,0.936277
480,670.2032604217529,702.2191885113716,122.51288223266602,41.60008656978607,731.4597015380859,723.0192317962646,0.9220112
481,679.3045806884766,701.0161936283112,125.6839599609375,46.46265363693237,742.1465606689453,724.2475204467773,0.94085884
482,695.7388973236084,700.4885795116425,121.88331985473633,46.0569748878479,756.6805572509766,723.5170669555664,0.93898046
483,706.5559043884277,700.8488688468933,121.5574722290039,40.16389560699463,767.3346405029297,720.9308166503906,0.92784536
484,717.0710735321045,700.6114675998688,121.41040420532227,43.59295606613159,777.7762756347656,722.4079456329346,0.94503427
485,729.1072883605957,700.2116484045982,121.8622055053711,48.02251160144806,790.0383911132812,724.2229042053223,0.94613737
486,741.2186965942383,699.528985440731,120.37284851074219,48.52647507190704,801.4051208496094,723.7922229766846,0.9581481
487,754.2707118988037,699.8655307888985,120.28425979614258,41.859278082847595,814.412841796875,720.7951698303223,0.9172118
488,764.8828411102295,698.4646162390709,119.57806777954102,45.78397858142853,824.671875,721.3566055297852,0.9547052
489,777.4839248657227,698.4753665328026,120.28788757324219,47.82622539997101,837.6278686523438,722.3884792327881,0.9387935
490,788.8370590209961,697.7536098361015,118.32820129394531,47.36440050601959,848.0011596679688,721.4358100891113,0.9553811
491,799.0949363708496,698.6775187253952,118.34516143798828,42.129738092422485,858.2675170898438,719.7423877716064,0.9241968
492,810.4526824951172,697.2878919839859,118.20712280273438,47.10241198539734,869.5562438964844,720.8390979766846,0.9590217
493,820.6483497619629,697.342295229435,119.61724090576172,48.945292353630066,880.4569702148438,721.81494140625,0.9550637
494,834.2259349822998,697.4774045348167,116.77994155883789,48.54560673236847,892.6159057617188,721.750207901001,0.9571109
495,847.0825252532959,696.8672046661377,116.3312873840332,47.26555252075195,905.2481689453125,720.4999809265137,0.9410849,1814.407464981079,362.40867841243744,104.3265495300293,95.46435284614563,1866.5707397460938,410.14085483551025,0.8254378
496,857.5802764892578,696.5521261096001,118.11080932617188,44.0432163476944,916.6356811523438,718.5737342834473,0.95081574,1769.6260929107666,386.7085425853729,148.8343620300293,78.35415315628052,1844.0432739257812,425.8856191635132,0.9505579
497,1733.4749794006348,393.75953471660614,166.59532928466797,78.99405312538147,1816.7726440429688,433.2565612792969,0.95538837,867.4389896392822,695.8990570306778,119.6301383972168,47.50332713127136,927.2540588378906,719.6507205963135,0.954499
498,1691.040023803711,406.34023654460907,160.81594848632812,73.45529580116272,1771.447998046875,443.06788444519043,0.9679059,881.0301933288574,694.9382961988449,116.67826080322266,49.78832459449768,939.3693237304688,719.8324584960938,0.9458047
499,1656.2133407592773,415.0615314245224,157.8610382080078,68.94148564338684,1735.1438598632812,449.5322742462158,0.9717013,890.9406681060791,694.8949071764946,117.4987907409668,49.36516535282135,949.6900634765625,719.5774898529053,0.94335616
